,t_Mean_MAE,t_Mean_MSE,t_Mean_R2,t_Std_MAE,t_Std_MSE,t_Std_R2,v_Mean_MAE,v_Mean_MSE,v_Mean_R2,v_Std_MAE,v_Std_MSE,v_Std_R2
81,4.6819688042479015,113.4122483918301,0.23044640452556778,1.584338140053471,85.35051570885378,0.315098771756158,4.330447522232477,105.02371349910365,0.05123354016792388,0.5048390746066403,57.56764864355954,0.11965737624294354
243,2.3943804113307934,24.04812170710708,0.7343987778651456,0.9862253835030118,17.639307902554325,0.16689610396591287,4.256260026064288,86.51069845547227,0.2433391375332361,0.15305831127520333,32.27517511646672,0.06869942592552677
729,3.0345808990579095,46.35908829700351,0.5572623366025441,1.0928964453388972,30.736960882686937,0.22928314771781957,3.873271441720702,62.182217394213566,0.378519272932239,0.078532859003352,12.44596459650462,0.06691550893629518
2187,2.9719701322945786,45.05355710592775,0.5984255136281791,0.4069928254791031,23.598072962832575,0.06770540309571936,3.536592636090284,81.67357937534578,0.42196608968227556,0.3212872229836186,37.70758211124327,0.09247073032398673
3356,2.8612340708376185,44.683385579662165,0.5683963176279243,0.2212789594247886,22.70978111276507,0.10129619983439705,3.594795751767225,82.64391552987013,0.4770639882335669,0.20492019951900473,36.79537881850319,0.1261581324840557
