,t_Mean_MAE,t_Mean_MSE,t_Mean_R2,t_Std_MAE,t_Std_MSE,t_Std_R2,v_Mean_MAE,v_Mean_MSE,v_Mean_R2,v_Std_MAE,v_Std_MSE,v_Std_R2
81,31.901693474821133,1859.8527778656764,0.6264591144240947,3.300899385037562,652.0551957730091,0.10094502250275528,44.933806681708276,3462.660165910713,0.23387296308043046,3.936814285053116,500.89992267473394,0.12116041489608687
243,32.411675602230616,1873.1870476866395,0.599574072058548,2.5986970017567304,329.2625561293955,0.03824907919326484,40.34338575523426,2928.7786110231664,0.3845570727093947,1.368562407419684,233.06416891205953,0.020770710674767136
729,25.959297100239347,1252.220519113615,0.722308190221324,6.691366971565808,613.137192108927,0.12165807565570684,33.37562289183323,2088.708381603034,0.5803874073914472,2.5833485971304153,298.47196139712776,0.06830431954927012
2187,19.545333789178233,774.4832206737489,0.8411600169993596,2.5148908335448303,178.62697799406146,0.0268817631092957,24.487892431760727,1209.1019660555316,0.7350460876107231,1.4916411337695863,146.22336550358742,0.023586028594813468
3363,17.398644253318054,580.8076148513119,0.8717165590231968,0.860656638628034,55.24674002228846,0.016450740353304284,22.5377139592543,1042.4372965737887,0.7722349871293531,0.5922369042007127,75.08396074883342,0.008985996174966258
