,t_Mean_MAE,t_Mean_MSE,t_Mean_R2,t_Std_MAE,t_Std_MSE,t_Std_R2,v_Mean_MAE,v_Mean_MSE,v_Mean_R2,v_Std_MAE,v_Std_MSE,v_Std_R2
81,0.5340629132852495,0.6202548484942131,0.7387974638650716,0.08740673615201937,0.20774440748693077,0.08907794682432019,0.9015004365580497,1.6150127721414016,0.4270559886636883,0.03123773717870225,0.1198442656210137,0.04047356359559028
243,0.547971942068379,0.6189942483661927,0.7497125692787343,0.03652688023711896,0.08285064065069819,0.030028718692374234,0.8479681399373924,1.449536201281365,0.5125064279249898,0.030125678210947453,0.14470001022486093,0.04721454818222696
729,0.5575803447885873,0.6902422162503303,0.7456960429068383,0.03909204644225276,0.09652478735627897,0.025316998781610946,0.7248035661105836,1.174472339700884,0.5812438334312306,0.04952681984846256,0.12564371371352817,0.02547336705362811
2187,0.537329128582839,0.6773546912917208,0.7630632112670279,0.040481905508545274,0.11239545151896302,0.03705384412337483,0.6689883480011796,1.0600935149494457,0.6348393096972598,0.023103757428449057,0.09154938861884272,0.04354074773364178
6561,0.5216119070646473,0.643679269065261,0.7785991684037384,0.03581435495744058,0.09612273242168916,0.03225080405011938,0.5765531690630568,0.7955167966794899,0.719347766912694,0.024413659956768374,0.08058344055570503,0.03126949263664151
19039,0.4713104096746289,0.559149558707398,0.8068610193591941,0.015392283971100368,0.04594630670351097,0.015497909166232463,0.5245251730455237,0.738557248263723,0.7313442212535336,0.01837728599371317,0.0852584419007723,0.012556637683037728
