,t_Mean_MAE,t_Mean_MSE,t_Mean_R2,t_Std_MAE,t_Std_MSE,t_Std_R2,v_Mean_MAE,v_Mean_MSE,v_Mean_R2,v_Std_MAE,v_Std_MSE,v_Std_R2
81,16.800756918446677,844.0166022329071,0.5965001973544843,2.3369722459045668,641.4991159157732,0.19248201603525605,25.394961259359643,1321.299210997304,0.20747557331672956,2.141430831405794,220.90988980370403,0.11861179852630585
243,13.389817320710952,452.0420257269443,0.7726104040480317,3.6589057157949725,273.8055874015516,0.11975235364451173,22.32493580391605,1157.3539793442478,0.3740901667252595,1.1403554371966005,208.2136869334796,0.035395133559251585
729,12.929812738163344,378.08855170672007,0.7748196385366344,0.7193869270520163,47.41400626833835,0.033490891297144096,19.242778644394917,1004.8169146894467,0.5194414224937335,0.7427063463560355,279.81215154667416,0.06744572379872647
2187,11.915392478604796,375.7313807531387,0.78905308653855,3.573327104175544,179.3141505892312,0.0968259517168092,16.464726187081073,652.5715013552881,0.6362734848592769,0.7020910451267829,83.50646596519333,0.03016109040543173
3363,11.82363463965155,313.9739184820855,0.8272712551298816,2.245431258843035,109.99117216541102,0.06687781187608478,15.963836784721064,656.2584386182116,0.6347905045945603,0.5341137444523157,105.65877233340927,0.048556262927256046
