,t_Mean_MAE,t_Mean_MSE,t_Mean_R2,t_Std_MAE,t_Std_MSE,t_Std_R2,v_Mean_MAE,v_Mean_MSE,v_Mean_R2,v_Std_MAE,v_Std_MSE,v_Std_R2
81,0.06253769682709545,0.007260399807328013,0.8632815331328046,0.024053997747060806,0.005301706493292859,0.08025719175932979,0.27066764675502475,0.11803906751206832,-1.2816239931014963,0.02139418663955243,0.017530837438845495,0.35577855999942126
243,0.04510410541066443,0.0037652523641910655,0.9284151474119536,0.01394285760065682,0.0021218321437943277,0.039711672588757546,0.16217163543020435,0.044415985448852946,0.16387086852666927,0.011273542936117424,0.006276487673265952,0.08827645683970309
729,0.048430859446556826,0.004435375058892806,0.9148354582974922,0.006141143421846556,0.0011828667726486858,0.02586297171700768,0.11642931947003585,0.024233304154453683,0.545437786618427,0.0043528220029734705,0.0024932901168031683,0.04465560900411424
2187,0.05702295390539066,0.005981481479062439,0.8843573207885997,0.005216161313170448,0.00148558168796346,0.02776001019330421,0.08567673587460221,0.013723104136214383,0.7214997978521872,0.0022753392842369065,0.0007680188354661202,0.031240230518814145
3355,0.06341877416352845,0.007526181830674129,0.8552172638714456,0.004409326251022128,0.0012049305128078217,0.023387882950970346,0.07961291713586349,0.01217867431564588,0.7684241955675452,0.0042607028930393585,0.0020599566461253437,0.03451214043738133
