,t_Mean_MAE,t_Mean_MSE,t_Mean_R2,t_Std_MAE,t_Std_MSE,t_Std_R2,v_Mean_MAE,v_Mean_MSE,v_Mean_R2,v_Std_MAE,v_Std_MSE,v_Std_R2
81,4.557715397342071,101.29179875351096,0.2365032379212427,1.143863598877003,60.47963089557079,0.1755543155435811,4.331128287058862,105.40517828141803,0.06564935465800759,0.5364036746626679,57.79173022052911,0.022438328243221763
243,3.8686701045577214,65.66504601785913,0.2726225495900734,0.49028452381132376,25.857726264524906,0.1219240303577542,4.177836618170328,93.55585092644455,0.1727127164096076,0.23477614480250764,32.23688115672497,0.07400062825065003
729,3.502849576163245,57.76041069473374,0.49002133078824694,0.8195347951110451,31.45489734098553,0.19467509732350635,3.997968452948746,62.31241877187729,0.3748023711016831,0.16383086868147742,10.348197481481286,0.04481085579881796
2187,3.2126807198256193,51.14389932103836,0.5446338617083036,0.03637367574143442,15.536706414349238,0.11576323300000657,3.6418367048845326,88.56518878365459,0.3825642766006052,0.3269361623253712,42.67039743933183,0.095685126897061
3356,3.44984692991071,64.08991961350132,0.4914646119607216,0.22839434039975423,27.30928638704719,0.026872732162307948,3.77321908613039,91.82432756353415,0.42077085718267354,0.31675698298772376,34.720495599263536,0.0953305191127659
