,t_Mean_MAE,t_Mean_MSE,t_Mean_R2,t_Std_MAE,t_Std_MSE,t_Std_R2,v_Mean_MAE,v_Mean_MSE,v_Mean_R2,v_Std_MAE,v_Std_MSE,v_Std_R2
81,18.90788293849699,982.900942839726,0.4972142992587643,2.292672936541283,429.9476040386053,0.09311368133894457,26.02370796968419,1411.6254579834263,0.15820818260709713,2.1413901306820464,275.67253147172005,0.11682936235475921
243,20.015477084117318,931.0976263629778,0.50728461939536,1.6186061540134111,272.08960335572687,0.120983411794184,23.614933262050357,1248.3829106691403,0.3259075629149627,1.0105369870011585,237.78930413880695,0.036565892434079615
729,16.153320715865988,569.7648805255778,0.6690304516795713,1.417194494901323,95.82019470485953,0.05407845825718499,20.219652139011025,1067.9949238232846,0.49055472915003184,0.7303720184240746,309.8921844001827,0.07476421194800693
2187,14.8022471473713,499.859126798486,0.6943714337194864,1.3654873898338833,122.65223863282186,0.07317863390252717,17.173643046292916,715.31232697699,0.601517658973111,0.9009389701755786,99.9436269253922,0.040519225785576304
3363,14.260371404918434,456.79478751959994,0.7300691250694662,1.6935336295484542,100.00079823188759,0.051150071803024985,17.03994520568524,781.8790519845288,0.5700584215003719,0.8829604293927169,168.73569304513893,0.04867223593603918
