,t_Mean_MAE,t_Mean_MSE,t_Mean_R2,t_Std_MAE,t_Std_MSE,t_Std_R2,v_Mean_MAE,v_Mean_MSE,v_Mean_R2,v_Std_MAE,v_Std_MSE,v_Std_R2
81,0.24064877852530558,0.13118174284400763,0.9457695060172986,0.1433628757004636,0.08944607818733563,0.04157056458047326,1.0108748277352757,1.8035860165982907,0.3789702988511084,0.03431629963214575,0.16219509408013247,0.04321953883801794
243,0.2570173461040345,0.1528168660534791,0.9483624544418099,0.15770970025815487,0.17068148345371476,0.05593307509807834,0.8229114384450871,1.3161086766879877,0.5650962159425371,0.04263238540925941,0.17993641986805964,0.05157115962853118
729,0.1760823610251372,0.06553822843332094,0.977982076430607,0.0772684381940093,0.0654382534205254,0.020839730039803474,0.6583118891768429,0.8633614969698055,0.7261594112979731,0.040598988966369515,0.1070932292706041,0.026559847015764373
2187,0.2543196995613868,0.13337538747813868,0.9538138556082941,0.05388356991149082,0.07138301190157144,0.022414966995424664,0.5237652626645352,0.5556673707265969,0.8101055465595455,0.03372153748223585,0.051023398989532724,0.01450192635534114
6561,0.21427387038704176,0.1150343837030958,0.9633133504879003,0.04960966380839606,0.06516252960870893,0.019585359035949122,0.381207291165115,0.3305460757459555,0.8848186610209332,0.03277834264322023,0.09018702335000188,0.025319729054562208
19046,0.22499008010188498,0.13611208530928626,0.9530363088021657,0.05353699698723968,0.0822218643179353,0.029417200386878676,0.30712962828380175,0.22341583009278518,0.9260976215814557,0.03377294117627042,0.04123419036047497,0.015808395408598335
