,t_Mean_MAE,t_Mean_MSE,t_Mean_R2,t_Std_MAE,t_Std_MSE,t_Std_R2,v_Mean_MAE,v_Mean_MSE,v_Mean_R2,v_Std_MAE,v_Std_MSE,v_Std_R2
81,18.945369709160712,959.2786859114831,0.5463001304838724,8.683552734298338,912.4195351013441,0.3419041871257069,30.318403805075867,1798.780937350943,-0.1024295425132374,3.1862596503530725,280.1310113896955,0.2744860555483448
243,16.490521167619214,590.9552439789072,0.6895834085341338,1.401944209370681,144.4736089929909,0.052042088659488034,25.348674784387345,1369.8464459062557,0.25713489226863295,1.0015745351926584,258.8702423634621,0.04046579884462221
729,15.429842427495014,499.55461019062693,0.7094663322088459,1.1800948125059294,86.06580346592301,0.05774520508794976,21.8853296090408,1151.2013262496655,0.4477657726346937,0.6608978797641016,281.0321193464449,0.06061264837812031
2187,15.215593473576751,532.1007259585125,0.7003753873558985,1.4180728829392617,138.238439531411,0.03453180267711718,18.2038523513706,773.8427151790004,0.5726550642858634,0.8103398808444087,129.75857906485484,0.041127504059891365
3363,15.114229832611187,571.949366432588,0.6950376177179354,1.05771448303323,195.5893124139936,0.04833151273390737,17.612689480457753,817.7084671196094,0.5565482695652757,1.2435614476191543,266.9794384304634,0.08489429906796243
