,t_Mean_MAE,t_Mean_MSE,t_Mean_R2,t_Std_MAE,t_Std_MSE,t_Std_R2,v_Mean_MAE,v_Mean_MSE,v_Mean_R2,v_Std_MAE,v_Std_MSE,v_Std_R2
81,34.9493480227916,4861.491341263947,0.8856013790699493,16.489738670829215,5996.011430592109,0.10673680703251819,80.40255080170195,15995.586215786912,0.5294602968193564,9.316941811518802,4545.938093629869,0.12892670161451808
243,40.24593332687664,4767.567463758202,0.8710395850642232,9.432630321665124,1509.2612337196626,0.04445109175074286,69.23712341001062,13190.17944629619,0.6524758494193154,1.29598460088377,2202.5270188442473,0.025460903398400993
729,40.65908647650792,4791.689868199938,0.8742530187913232,8.103703944717536,2357.571232812951,0.045456217179365016,58.035820126612876,11823.511268178208,0.7142056032509683,4.8056666351276744,5009.478164680768,0.06811948322380185
2187,35.534578623063524,4081.372312424056,0.8941475222274008,6.660364169773697,2202.0859924918486,0.04475520789574365,47.59094490988267,6440.105392902917,0.8213782305230503,2.4487007675327757,1655.1798337467808,0.046438970001961226
3363,32.859499980974746,2916.416092043829,0.9097179397436145,3.2540118052189437,814.9569104697621,0.0298209217651245,43.91308695843021,5855.4911698879705,0.8498691949894421,2.644927422661596,2257.612479186497,0.03368917485715113
