,t_Mean_MAE,t_Mean_MSE,t_Mean_R2,t_Std_MAE,t_Std_MSE,t_Std_R2,v_Mean_MAE,v_Mean_MSE,v_Mean_R2,v_Std_MAE,v_Std_MSE,v_Std_R2
81,0.20091550709164108,0.10224886412238281,0.959801673379397,0.09695439509114498,0.0991952905917601,0.03605395639913799,0.871461996444966,1.3506097864724589,0.5125919751537689,0.06729135730366578,0.2142066733193927,0.0714862749527474
243,0.1471584330152998,0.04128257376198922,0.9840365704076509,0.03696242597266303,0.020407051744221943,0.009934858771083467,0.5507562653867206,0.5597958149903917,0.812881456272301,0.029023913866030156,0.08214302032062817,0.023446083304493825
729,0.19687294007302042,0.07618868524395554,0.9737871583970199,0.020088990999299994,0.01363489945101128,0.003834223696264238,0.3900487213314538,0.3125721406792958,0.8979886828696995,0.010752819944553954,0.028337812546611642,0.007368197615954081
2187,0.2395865613585507,0.12949136739854744,0.9545747170606121,0.03158581379949127,0.03540721000392985,0.011210198810264005,0.31231108356093473,0.21573441103668367,0.925614426971474,0.016496423612969362,0.026241448093991454,0.007250342706709761
6561,0.20141636348980674,0.0886114565845711,0.9689727702662717,0.0205031345124098,0.02117340975735675,0.008169999114697476,0.2295270917610838,0.14827820886997944,0.948113007894291,0.020286960530463895,0.07080456654644787,0.020667785404068578
19046,0.17480538849093924,0.06990516462438692,0.9751933344159591,0.025185679901417672,0.021424783084961964,0.007427096016559698,0.18671019259924107,0.10033601861678529,0.9655612071857977,0.014428794891431701,0.04392366294422893,0.014763481752566638
