,t_Mean_MAE,t_Mean_MSE,t_Mean_R2,t_Std_MAE,t_Std_MSE,t_Std_R2,v_Mean_MAE,v_Mean_MSE,v_Mean_R2,v_Std_MAE,v_Std_MSE,v_Std_R2
81,58.340437798346386,9823.728735304929,0.7360317409980706,15.608156164262939,6386.30090671008,0.09734310393394084,123.83373968265605,32484.71656355213,0.050005596276088804,11.15357600220179,4900.055328189608,0.10927181907466217
243,57.40731600133954,8683.788893435521,0.7641204682054313,10.759172135001466,2399.2997543581737,0.07748889943168402,104.91160899669114,25313.36491472966,0.3242995303273184,4.894486560066181,2039.1890798389002,0.07398296041596691
729,52.36410264738383,7468.892765952497,0.7934606904587284,9.930895702577095,2911.6937007103497,0.07394134393599083,84.44936857879603,18516.298128635295,0.5373393488011136,4.315268101616417,4952.9637585710625,0.03894117961391182
2187,54.97004085989356,8169.120746061444,0.7706592945606963,4.897715503010792,1835.4459362232683,0.04764506334272067,70.67147192459723,13514.495659000057,0.6351816465076718,3.646556243818704,3297.407390094398,0.043611144548144666
3363,52.93815370991156,7324.461648420164,0.7910234230863903,5.142154210389152,1704.9019247277342,0.046805576900363376,66.61413918365051,12181.471208559033,0.6762209054836753,2.1596039396699545,2508.434397053638,0.04504577429909327
