,t_Mean_MAE,t_Mean_MSE,t_Mean_R2,t_Std_MAE,t_Std_MSE,t_Std_R2,v_Mean_MAE,v_Mean_MSE,v_Mean_R2,v_Std_MAE,v_Std_MSE,v_Std_R2
81,12.988346198577688,524.4720765201288,0.7444552355704881,4.073017521950289,376.4128321082205,0.12847472883030764,21.231526728072602,969.0512094599142,0.41319096995514937,1.365463365135001,123.93945809502853,0.09164059681826421
243,12.970179882541569,412.46655086309136,0.7720586949075152,0.722548946534451,69.53470359148635,0.03203494721064767,18.091398612132462,807.0343798627503,0.5622032794730328,0.6172188335356844,144.40112527068652,0.025220620772066885
729,12.703054312894611,395.909769436518,0.7579373107969231,0.7182541086051244,68.09411026563373,0.036636864705132104,15.866424432863392,781.1436241021473,0.6308985112302246,1.0074418200325344,275.5014843488136,0.08506114741756468
2187,12.450890629784197,402.74916729958284,0.7789103770222523,1.1752633890002029,81.96122193174011,0.039556722131194696,13.863306565673065,489.09386904267075,0.7268962573707111,0.6610487731990655,105.52882664117303,0.05048406177066085
3363,11.784311497394144,320.30789773854815,0.7957850060386434,0.8869722113441407,74.57330177414251,0.03738314904597506,13.660108754661232,570.3709666191728,0.688337264495544,0.7086323737792216,151.54574235201892,0.05459834856817942
