,t_Mean_MAE,t_Mean_MSE,t_Mean_R2,t_Std_MAE,t_Std_MSE,t_Std_R2,v_Mean_MAE,v_Mean_MSE,v_Mean_R2,v_Std_MAE,v_Std_MSE,v_Std_R2
81,0.7529426580139642,1.1380422220261344,0.5204093497705387,0.04373136979837346,0.10644615635570008,0.06179328826583,1.001572350211936,2.030396239332135,0.2834742234808247,0.06937958533759485,0.23447924793509017,0.04978706610298833
243,0.410144746772228,0.3940363899619001,0.8399545066810743,0.16509071796092684,0.26708106901278594,0.11346991268588084,0.9549117996197326,1.7961008873922946,0.39865522386757385,0.031257872568935675,0.1321652914168833,0.042760931441288244
729,0.45428211874055685,0.45509127719261394,0.836637879823703,0.04542497155660278,0.11580157168363191,0.0441463107821366,0.7564648568068997,1.2160263221506824,0.570901002996494,0.05645518817308491,0.15845797384647609,0.03377719287988876
2187,0.5083176362033132,0.5616634289859729,0.8036549905608981,0.02492918020868509,0.051615347988307005,0.014706741702679127,0.6839294733863144,1.0921006653727612,0.6258550600416435,0.03384371469282409,0.09743762150063912,0.04356789152582465
6561,0.4630585269163719,0.4951850306327348,0.8115176631128612,0.04654586616287455,0.09212708378775969,0.03587854465835102,0.5737507446079876,0.7965908597454033,0.7208081489206231,0.025418178881883045,0.07403300890024118,0.02633968905183535
19039,0.4629780017510711,0.5513948173736475,0.8110492761381531,0.032729674840888755,0.09285320922675085,0.029636435440848194,0.505526442213621,0.660190664453645,0.7607824995713143,0.024302742867916272,0.09634944351586626,0.025560965805829325
