,t_Mean_MAE,t_Mean_MSE,t_Mean_R2,t_Std_MAE,t_Std_MSE,t_Std_R2,v_Mean_MAE,v_Mean_MSE,v_Mean_R2,v_Std_MAE,v_Std_MSE,v_Std_R2
81,12.04681845396746,456.96049835894394,0.765332226555796,2.7426351654750567,275.4832272171655,0.10555589915521295,19.82443535530079,889.6836757960734,0.46535585398708934,1.0090278577637073,124.60099508669096,0.05422185212992065
243,12.844468521486084,417.33930330691766,0.7807289855218028,1.8789014336616772,145.12300129614303,0.05835370142580432,17.53323683043829,783.0801138459595,0.5743701121205887,0.6628519269604434,124.87617292705798,0.020823895169453422
729,10.765012105101922,279.8090415593198,0.8413638513391944,0.5869425199689068,46.08088126507557,0.02020198363050505,15.562088437825341,736.3832082705027,0.6536503465868974,0.859041208327051,270.09980470765186,0.08238150968445315
2187,10.344797197722254,291.94432341216077,0.8401322975680005,1.9273641595833162,113.98097349546666,0.04801017592932186,13.109203021749739,446.0443109225619,0.750038536078982,0.569206769919739,91.23689321125008,0.047788559005384215
3363,9.62193646350681,235.3232512517976,0.8728564494623748,1.0612421172076036,62.043052025210145,0.0267625877842368,12.336757468806766,452.4258946591857,0.7545346946986886,0.4738058816192526,131.8870299178969,0.03855549004805584
