,t_Mean_MAE,t_Mean_MSE,t_Mean_R2,t_Std_MAE,t_Std_MSE,t_Std_R2,v_Mean_MAE,v_Mean_MSE,v_Mean_R2,v_Std_MAE,v_Std_MSE,v_Std_R2
81,0.028738536250892472,0.0020469581970690774,0.9597396921708394,0.013207640886864078,0.001558081868736851,0.03116496279776074,0.5198086741904769,0.4631583917370019,-7.933743570926175,0.05322543183723763,0.09085348225537114,1.9583222734251946
243,0.0458799567005752,0.005853141757007446,0.8926507896285873,0.03569749328572215,0.007654230348301601,0.13719544894541877,0.25906997647847574,0.11613213319917196,-1.2121731475104933,0.017250385306712405,0.018607826845627198,0.4149964614004741
729,0.054967130642925036,0.006368096547762883,0.8817819521775085,0.016964828022920972,0.003651522269009474,0.07109165297104243,0.14991338579477104,0.039602204854943576,0.25901795035536385,0.005929255635997125,0.0032182753055468288,0.04878613493373978
2187,0.07425359285976324,0.010395904471784291,0.7937781472604987,0.007226613536443209,0.0018468652659378436,0.044096992371047014,0.1043591915263125,0.019973874814939636,0.5971678341175137,0.004784275578254721,0.0017623971488638945,0.03297565892271789
3355,0.06382802390899854,0.008742294152206622,0.8261051146946938,0.0070406266447088405,0.0023598873074002265,0.05354350003156927,0.08458100138429399,0.013927715109295063,0.737464614419088,0.0043524366062396925,0.0020049629933707727,0.02351652145065466
