,t_Mean_MAE,t_Mean_MSE,t_Mean_R2,t_Std_MAE,t_Std_MSE,t_Std_R2,v_Mean_MAE,v_Mean_MSE,v_Mean_R2,v_Std_MAE,v_Std_MSE,v_Std_R2
81,4.837615140861669,113.37059969794836,0.2127287158633763,1.4751105379525986,77.03021910166201,0.18739237103712247,4.318495183541998,102.70067301610223,0.08716949622808756,0.7372657214824575,54.28854836574248,0.17189623937665433
243,2.976629015985612,36.16519940667152,0.5837426439161598,0.3980000784930345,16.752305172555996,0.09189490244189406,3.8270143655438256,76.16122879169902,0.35988388108724095,0.3286461159342288,35.57875829785826,0.14102859910748075
729,3.0622099088018433,47.570002878497306,0.5584962206835079,0.29569420761265003,19.902708246213212,0.05007931395646811,3.475108329256618,54.90102852894074,0.4514637388057315,0.12557043404953455,10.450686842405016,0.049834752445591254
2187,2.991035727937345,60.885403969402475,0.5695400844575692,0.3889545999640613,27.81850683749727,0.1025497372958797,3.2582791441747085,83.43779894162076,0.4259099383517363,0.298378963860763,42.21189350024018,0.12021369574221147
3356,2.8383725144964993,56.552485976623586,0.59031082538468,0.3087499667312528,38.485669958499145,0.1276954761131698,3.3199073578153095,80.50914186231945,0.4832613447017412,0.21914921253908498,29.906724854217444,0.08023403852780187
