,t_Mean_MAE,t_Mean_MSE,t_Mean_R2,t_Std_MAE,t_Std_MSE,t_Std_R2,v_Mean_MAE,v_Mean_MSE,v_Mean_R2,v_Std_MAE,v_Std_MSE,v_Std_R2
81,70.13008230605173,13225.107071764132,0.6458984331900324,16.73877545314987,9949.046778528882,0.1429974323916324,129.6370645822999,35274.15871677252,-0.03528331850224973,11.302588728530408,5071.842525881787,0.1427547238752412
243,78.05210647165731,14920.292310727757,0.5715090823684059,10.835248972991504,4487.150073989817,0.0956144519956886,110.67413607895097,27296.085868324863,0.28073300542820584,5.368649666878249,3822.366077288305,0.0518678086361129
729,64.13449272358137,9697.94382726615,0.7129204522391651,8.990989591407033,2409.116430896234,0.05227553409559586,90.9694254668446,21038.095034191447,0.47913854453075944,6.853892110743867,6443.991030190868,0.056552501912191036
2187,65.3861152985731,11371.505932452998,0.7038243699093025,3.0509664680327577,3290.575286428225,0.048290343117108475,75.016320412607,14523.281086374995,0.6054287473396113,4.720964171471815,3845.7313047446714,0.06079435327570146
3363,63.74891063320801,10218.313393138505,0.7019224882577616,6.495026090210377,3126.0104552901653,0.06333891082529317,72.85313928314443,14503.433457762596,0.6145271076435611,2.7127500969686147,2637.794953954297,0.028163608475372144
