,t_Mean_MAE,t_Mean_MSE,t_Mean_R2,t_Std_MAE,t_Std_MSE,t_Std_R2,v_Mean_MAE,v_Mean_MSE,v_Mean_R2,v_Std_MAE,v_Std_MSE,v_Std_R2
81,0.29311862916354936,0.1551670100051246,0.9382895416246384,0.06718129168497232,0.06131717548646417,0.02370724191461086,1.2621433926305945,2.787391298677869,-0.0026162901205514675,0.05063001813304999,0.15089242631677327,0.062149072255463955
243,0.41596879745728355,0.32648256094847206,0.8831919018823708,0.12853473119199832,0.19964408968354835,0.06790376780420342,0.9951653275093959,1.8026862065823905,0.3996700621600725,0.02812120293372692,0.17137171075212285,0.0433020066744508
729,0.3693392582444054,0.24540182810458094,0.9123722606145123,0.06623272903771939,0.08591244651190547,0.030492238175667277,0.7827707688059922,1.1304083368997677,0.6311871940664391,0.04068875416109229,0.12864666498265873,0.036252889083048655
2187,0.4415415123780263,0.35028009262312,0.8692933729599716,0.027336416366914962,0.04782392118577408,0.020238931005000748,0.6490886035467917,0.805187459087592,0.719953482815513,0.045490095284243026,0.11958298107345923,0.028700019135136808
6561,0.28070591034603093,0.15538387705340306,0.9478435823026838,0.05559565915695341,0.07149104777118007,0.02307149521830687,0.4120751405962911,0.364590066719368,0.8704713529017436,0.028032234668130613,0.10415013881240576,0.028484762930014645
19046,0.21900745612061706,0.08949899368448044,0.9686132976070281,0.019516444787186858,0.013520107913163184,0.004464096601334964,0.30299037057412903,0.2419975960874341,0.9178258102307499,0.013848041732631456,0.04127915150556806,0.013782579425275335
