,t_Mean_MAE,t_Mean_MSE,t_Mean_R2,t_Std_MAE,t_Std_MSE,t_Std_R2,v_Mean_MAE,v_Mean_MSE,v_Mean_R2,v_Std_MAE,v_Std_MSE,v_Std_R2
81,14.68022467885842,476.9910379185283,0.9059629313192458,3.8649676012026055,217.41182199418978,0.03736209125669344,28.213691505199154,1615.3080164222079,0.6430109767834485,0.6803109806271583,117.89073528940264,0.030358875952556336
243,13.839590808265957,460.6542229821847,0.9004580323413112,3.077651768056912,181.80915336080594,0.03737866932135581,22.07604146410891,1119.097008217233,0.764409198400613,0.9871068612254587,114.3127438405693,0.015417367340790106
729,13.907947815005647,454.7790170611872,0.8988123943538019,0.9950723860044567,89.74571174248128,0.020732361881894323,18.182867969826418,812.7373960626121,0.838052682727171,1.0109349956729035,165.8972380943497,0.02853866481291803
2187,12.885293803505624,403.89414253502696,0.9102279453358392,1.2948954090575973,78.08994431463005,0.01796174668376305,14.629269390458585,550.0809667779406,0.8795607688073428,0.4694961425834764,55.91754690776524,0.007260209225949564
3363,11.01475821604534,304.04700368748024,0.9358077784943349,1.02168583050898,66.2950956867227,0.010429961457040976,13.488114910936023,478.98655313703773,0.8963746670951194,0.8646537582872337,97.26186067547184,0.014420572297400135
