,t_Mean_MAE,t_Mean_MSE,t_Mean_R2,t_Std_MAE,t_Std_MSE,t_Std_R2,v_Mean_MAE,v_Mean_MSE,v_Mean_R2,v_Std_MAE,v_Std_MSE,v_Std_R2
81,27.49714256656827,1410.9029569354318,0.7147890780205699,3.1589605555293123,288.7726550203778,0.061136125739257925,51.32241943583093,4587.609427247093,-0.016528319417356153,3.3197901818433326,400.4608382860285,0.12221736472333086
243,21.831110351659298,995.5929539577086,0.7803193483725966,6.380592602077754,430.47696957253766,0.09963224680241947,40.644995900689025,3066.2752626868582,0.35828681968788256,2.111024127314,422.2258424188408,0.06146446995574348
729,22.10418023234837,976.9109308213699,0.7892774276891086,1.7259342705573628,173.13200026590619,0.040090143046405236,33.46765526564177,2228.4139116829965,0.554067292042164,1.036866926271059,164.94605373120956,0.021344564642021138
2187,17.71398675853555,673.692569041113,0.8520346220715573,1.7060189546663225,95.79110463859749,0.021263104056265258,24.503132735234765,1232.062709012794,0.7300917075048506,1.3361560945024822,168.06314620576921,0.026006525802092215
3363,16.41637932082026,538.6955034609881,0.8791192320853666,1.1090685783857375,61.190142749843574,0.016498664671593753,21.859676431533206,994.0862442691899,0.7822695208251961,0.43185680895425677,96.82371581162317,0.01204553756963574
