,t_Mean_MAE,t_Mean_MSE,t_Mean_R2,t_Std_MAE,t_Std_MSE,t_Std_R2,v_Mean_MAE,v_Mean_MSE,v_Mean_R2,v_Std_MAE,v_Std_MSE,v_Std_R2
81,18.806927337172727,783.1948606995232,0.837331367826111,5.7631501563853424,431.4960440463466,0.10029197956004199,48.87598617504809,4221.417443696389,0.06154112211048699,2.446840319847338,226.02543718062122,0.09972151744078274
243,14.857798557201978,473.93922672437054,0.8961589826316365,3.3802774063551064,162.00327775187515,0.03909418793063332,38.25396516665033,2738.771951011847,0.4221413215821558,1.060030615486412,161.6539970839441,0.04043663157323041
729,17.12191445134546,674.0121998184269,0.8556454317437497,4.545707360992407,342.9515121186817,0.07588717853000908,30.866529859974843,1986.7001872726032,0.6033544719515946,1.8503783577956232,291.5779230768309,0.04669761296549357
2187,13.070111380045379,429.2128419825805,0.908845693273439,3.3298898242563686,218.68436515813096,0.045586983805838775,22.236127687566295,1085.7744393124026,0.7625723227333371,0.7496894268154021,63.46324092683712,0.012301656159233282
3363,15.597389969636922,519.7817114853399,0.8848703811791397,2.3918064281238576,171.39896095093397,0.03693027008717226,20.779648896155624,918.6014793054061,0.7998421549899669,1.0094003449214524,126.60576065565306,0.018746436704385583
