,t_Mean_MAE,t_Mean_MSE,t_Mean_R2,t_Std_MAE,t_Std_MSE,t_Std_R2,v_Mean_MAE,v_Mean_MSE,v_Mean_R2,v_Std_MAE,v_Std_MSE,v_Std_R2
81,5.290040274551575,118.61755503545105,0.10507323774264513,1.521231709209295,73.77888884681134,0.29472712887993513,4.979943344616831,117.4340094942598,-0.05056252805609496,0.7574476457204802,63.522057536049495,0.04378314713820472
243,3.2938938483546054,37.51823960956504,0.5710669940212518,0.5527304989352335,17.251424477014925,0.1673864262687233,4.596560385685777,94.20230151940908,0.14599109214957187,0.1429394513856397,29.03349246713938,0.07418626993438558
729,3.3291698646545043,58.78307133597093,0.5272290755278053,0.7447974554240148,49.90336311833888,0.15881074335310583,4.036736066293483,67.00809738297816,0.329924407057942,0.10885376094303098,13.283443867787955,0.06262403873947396
2187,2.660050649865634,25.091786057312596,0.7332011460557164,0.36632211016063065,8.28754867705365,0.05188161681410427,3.567306728609102,87.7528466866138,0.37963137714980794,0.33612930027952626,39.6908546924727,0.09102171885979778
3356,2.927805145807298,33.72432699805235,0.6373149268212644,0.15310734419086794,12.3796692350812,0.04949648856954859,3.571735433123125,86.70047564358393,0.4465088719546909,0.21325671761937093,35.84051715407971,0.12271926864794142
