,t_Mean_MAE,t_Mean_MSE,t_Mean_R2,t_Std_MAE,t_Std_MSE,t_Std_R2,v_Mean_MAE,v_Mean_MSE,v_Mean_R2,v_Std_MAE,v_Std_MSE,v_Std_R2
81,0.03397850499525384,0.003365249530494657,0.9277309582984096,0.024056107622404833,0.003586263269208434,0.08827640178764569,0.4585355276295145,0.39615664377523496,-6.704086001074539,0.05977750026777116,0.11533419755436027,2.435234907019344
243,0.029545454413278455,0.0020572827186811395,0.9580029085200786,0.008201794644900883,0.0010049969814101074,0.024259168860207,0.20514088982807982,0.08849965949668408,-0.6632060105684779,0.02628111840299969,0.0278552931373493,0.5075221638492673
729,0.0476903961180216,0.004088248814462338,0.9205178912231888,0.007671694441743074,0.0010816549035311224,0.0241206717293226,0.1079703415226186,0.02257727641508282,0.5759226392768754,0.004705172096556127,0.001843922258916405,0.03326091781013434
2187,0.047919953598330664,0.004260194332628895,0.9148939907714343,0.01112078365500497,0.002043054194402088,0.041571731368241584,0.06889587837208819,0.009624428021210777,0.8039249818083467,0.009028576816492176,0.0024883030187793642,0.05853513011646044
3355,0.05407238861385337,0.005295372991850364,0.9002263380919153,0.0013296507616684897,0.0003721069125844595,0.006524996397943741,0.0653403130184597,0.008274718251327142,0.843858086662355,0.0022937650619215344,0.0008560033483405472,0.013277143446137812
