,t_Mean_MAE,t_Mean_MSE,t_Mean_R2,t_Std_MAE,t_Std_MSE,t_Std_R2,v_Mean_MAE,v_Mean_MSE,v_Mean_R2,v_Std_MAE,v_Std_MSE,v_Std_R2
81,0.024405022667181114,0.001902184789253985,0.9670524448317661,0.02466486633130232,0.0027548595669362992,0.04773563622988173,0.3683094327800537,0.2876317449324676,-4.5481456829046545,0.056741942089775614,0.09683377996927475,1.936036623334898
243,0.031512267330315424,0.0017047034630209787,0.9675553856315539,0.00426974340939709,0.0005386489020187092,0.009902674913837353,0.16540062741606185,0.05994451331189464,-0.13405761295516683,0.011753591004074712,0.013579320221173941,0.2532122651710529
729,0.07047360605682643,0.008409071479287022,0.8434301291025301,0.0047763654972434256,0.0014251240908974988,0.03534943950164225,0.10591254052022148,0.020715104515702763,0.611765228686005,0.0032597787340094965,0.001365543447510857,0.025903242523024138
2187,0.05533353734338995,0.0055418451726151246,0.891193481364105,0.015589205638987677,0.00278006716434612,0.057268255519870366,0.07001094580007379,0.00976469128861868,0.8019587472460579,0.010333585966884709,0.0017733162755904938,0.03965976685658779
3355,0.048724288432028126,0.004510293860746526,0.9121242758609774,0.015025337678539186,0.0023497948145998477,0.045356715504791346,0.059539882246030594,0.007112446443233493,0.8612018825823423,0.013515097537065979,0.002361315994386492,0.05860119201075061
