,t_Mean_MAE,t_Mean_MSE,t_Mean_R2,t_Std_MAE,t_Std_MSE,t_Std_R2,v_Mean_MAE,v_Mean_MSE,v_Mean_R2,v_Std_MAE,v_Std_MSE,v_Std_R2
81,0.12876933823985964,0.06152556671488692,0.9763583498514692,0.14355234928146268,0.10084761071513831,0.03694131658559519,0.7624874174510374,1.054241241565601,0.6204449979460763,0.05532058655079767,0.15744898965482484,0.05321954688047355
243,0.1449583246154197,0.03815662679825523,0.9869453689826495,0.03492655525161633,0.016019667874991268,0.0045681100697729255,0.512348068619322,0.5129555414534398,0.8282077831597385,0.049356334783838156,0.10444219699404975,0.03145858440676506
729,0.15985799484506527,0.05547250789118667,0.9807592357948641,0.041365433055188194,0.038379128911528844,0.012053494217132664,0.3742843165526362,0.28563459753294235,0.9077067091743241,0.0193098641653153,0.03618732258383589,0.01151716233090605
2187,0.19171259625832654,0.07814707077409491,0.9715750436665604,0.0324854265821042,0.03274526141435966,0.011530126327276013,0.2895355871682481,0.19666059761189378,0.9317837042708408,0.018724407998229314,0.038790552697304075,0.011750708232132383
6561,0.16103953070035676,0.0518025029234877,0.9821683759893297,0.027502661907835024,0.017225176951257536,0.005832630419116831,0.21522935038338833,0.13393609706810397,0.9534266942409616,0.02401887695501982,0.06989918783847679,0.020668237239787352
19046,0.15223161992389417,0.06007426299331399,0.9783545413517686,0.02141000634753655,0.030075112413662956,0.012677224745802124,0.17616445676301007,0.09935896513693991,0.9661284540726438,0.01391088376994961,0.04480879234650838,0.01513020581807081
