,t_Mean_MAE,t_Mean_MSE,t_Mean_R2,t_Std_MAE,t_Std_MSE,t_Std_R2,v_Mean_MAE,v_Mean_MSE,v_Mean_R2,v_Std_MAE,v_Std_MSE,v_Std_R2
81,10.666820866976535,272.5193613129062,0.9448954081172432,2.3183216384819,102.72405614387058,0.02112507156430047,26.317754493946573,1482.5350290243205,0.6718473194189507,1.2397221047801579,188.98007144005976,0.03925792052846708
243,9.152442353321694,219.27562233707377,0.9526471114626499,3.067473812470577,149.7052212039457,0.029965229543867277,20.521999748978537,963.6384513875031,0.7965521880538052,0.7294709111514155,54.70142793475901,0.01756779627219662
729,9.488188561010489,227.27759862788935,0.9518371593305762,1.3964358204448195,61.03403340070493,0.012790741303429911,16.822862998680836,709.4063785508355,0.858281403788839,0.9811495098467163,162.46249808675836,0.029117727188750893
2187,10.34688901445753,274.8176988594887,0.9405404213390252,1.3599565804703249,80.9097599819154,0.017686393517253082,13.782292818822404,484.8116250999795,0.8933002619822432,0.41771906109544044,58.7169560870442,0.01363614588340036
3363,11.041342559123976,307.84204674442736,0.9369216262640145,0.7561084306704875,53.9759615929225,0.012263391974451875,12.978591989313614,459.04106627217516,0.8998790115021675,0.870261654058516,85.95377497839924,0.012715205128986422
