,t_Mean_MAE,t_Mean_MSE,t_Mean_R2,t_Std_MAE,t_Std_MSE,t_Std_R2,v_Mean_MAE,v_Mean_MSE,v_Mean_R2,v_Std_MAE,v_Std_MSE,v_Std_R2
81,14.421002910708717,587.0490582404522,0.698541789903513,4.292244641043005,406.96132196418944,0.17812823972092792,28.698049022838823,1613.892837214224,0.021433584795764828,2.0361224721543207,152.9086846332356,0.14474577114361398
243,14.269153429392116,456.38332336313306,0.7481281488464498,1.3353293980331749,130.99458358510768,0.05160123586280877,24.47864048173644,1317.5261585655803,0.2836605241617699,0.8518737657558811,221.88342669842797,0.05715958383693661
729,12.798142380929795,351.2464620558397,0.7921892007958278,1.5807688328343743,59.98913263911919,0.037169124172696424,21.160059471418883,1088.9709081452568,0.4804376168494519,1.0545264228841074,306.6244406625893,0.07444507016864357
2187,14.418474898603233,551.7998968152989,0.6824336427209721,1.1993392628773958,159.1287158130171,0.06803425080780685,17.593118841359363,713.327419526938,0.6036174207980427,0.7602300294089347,104.33785742135676,0.03390629091331927
3363,13.853818824472768,415.9094567618073,0.7592462409861497,1.7639842525557985,132.44390401794794,0.04678168690415993,16.938037165662838,747.9128011717341,0.5922870494754015,0.5677684996960682,212.0542162911513,0.059039799561567415
