,t_Mean_MAE,t_Mean_MSE,t_Mean_R2,t_Std_MAE,t_Std_MSE,t_Std_R2,v_Mean_MAE,v_Mean_MSE,v_Mean_R2,v_Std_MAE,v_Std_MSE,v_Std_R2
81,0.4766891555768364,0.5316705415426988,0.7727529505305684,0.1276442042355359,0.264299675866589,0.13005246819252775,0.7265256445922506,1.2409333107305593,0.5650530721902524,0.040124509665350104,0.17134148484901104,0.04321886161807946
243,0.4473473378532219,0.5100784899273297,0.7953724807501498,0.090542546835432,0.22201222501487264,0.07287347990926207,0.6829081610804175,1.1197040685428576,0.6239191341331767,0.032881707885235006,0.0641394925752263,0.025609889579705912
729,0.3583545781291394,0.3370649774430959,0.8774938548316247,0.04285168377253388,0.10125529078600189,0.03443487269496801,0.5497296425024296,0.7789024411594372,0.7238360918154907,0.03457717433207153,0.09187340951750173,0.030303213401917453
2187,0.32724040391578824,0.2711420037517987,0.9077218212936552,0.03484340149782139,0.04700728528708458,0.016974724218625076,0.5166928665179704,0.7423404189717175,0.7458430140986165,0.010232668261946824,0.03376855754018257,0.014710790832290429
6561,0.3690606848369895,0.39712777319520237,0.8653307054507124,0.07244916239656833,0.15897700412548532,0.056598118684479316,0.46342962061214416,0.5905520841354608,0.7927989268618417,0.02190840077489551,0.06381708242055477,0.02343803723314372
19039,0.3743007952100156,0.3893415792507067,0.8659450474449544,0.024679865298306014,0.05993024834893226,0.024082538645232944,0.40626089104557295,0.4684034979340191,0.8287939705440035,0.029714519085793093,0.07869835794930753,0.03901276316215285
