,t_Mean_MAE,t_Mean_MSE,t_Mean_R2,t_Std_MAE,t_Std_MSE,t_Std_R2,v_Mean_MAE,v_Mean_MSE,v_Mean_R2,v_Std_MAE,v_Std_MSE,v_Std_R2
81,0.5154739979938217,0.4842480325060229,0.8072121237772973,0.1702264318831307,0.2610165001665054,0.08983602395949787,1.3581106297199872,3.153194333598232,-0.13760677082441647,0.027194211384670135,0.13894635642621597,0.06346188053371167
243,0.46267463656371177,0.4049647407843522,0.8574729102630847,0.1157757475444332,0.2009668937104812,0.06244665124259702,1.0321048210835624,1.9235471147703094,0.3554625009070001,0.03560591315980304,0.21120766620529197,0.05762692524213362
729,0.40083187558158595,0.31873292600370906,0.8878286130159575,0.10606704254823994,0.1663031311256954,0.05650896095769347,0.8237516968899861,1.220777636266563,0.603035728372134,0.047415973484576567,0.13348275222275802,0.03864294959998556
2187,0.31087243994296127,0.1895109698250696,0.9327225084005717,0.04541273134953391,0.04923604433664727,0.015931966490915005,0.6131838210248316,0.7165638586074742,0.7506646491174438,0.030436564835730647,0.08673894270750229,0.02002719606806701
6561,0.38814593944899184,0.29500238745365853,0.8958386868715165,0.07126045757090482,0.12049611578454335,0.03557483334742233,0.4852356684236335,0.47853427675582483,0.8307046339631844,0.047692086451415185,0.12595594701955826,0.03680546402553743
19046,0.36525506894591975,0.285349209927362,0.9003162775086896,0.03063184995206443,0.06069377693306742,0.021012684747202217,0.38633294926098144,0.3311768144424302,0.8872910062938402,0.02964502376361091,0.06847998486580714,0.02587511503592997
