,t_Mean_MAE,t_Mean_MSE,t_Mean_R2,t_Std_MAE,t_Std_MSE,t_Std_R2,v_Mean_MAE,v_Mean_MSE,v_Mean_R2,v_Std_MAE,v_Std_MSE,v_Std_R2
81,12.508459342365999,575.4136571153806,0.7026888864991572,4.817800762436149,384.7189508584481,0.1556830040339716,21.08713298986197,957.6942661298624,0.428014041036947,0.7463317835048949,137.02630875479298,0.04000161021043439
243,13.057132040015052,453.0610191152806,0.7518479730542138,2.5025120594819494,165.59069029348777,0.0881354104962364,18.99074802980925,906.6113182438896,0.5061385163752055,0.7290549157343299,144.9443656622323,0.0530964578000425
729,10.715301404296676,266.36605730924623,0.8377509697707982,1.418763105793474,74.066520951713,0.049147699552360806,16.32145837118164,790.627845345661,0.6254368663115226,1.0592583163872382,263.99203080081406,0.07925169197068672
2187,12.168361836672132,349.12709836304913,0.8017289618163991,0.6430433756209338,42.640707953337696,0.016597104304849727,14.131645665976682,511.8494370235517,0.7143202486087238,0.4704356042728045,70.38322997793081,0.03134259180160586
3363,12.073743290605451,341.3256269250363,0.7940894144620184,1.00290377402742,77.38575346563326,0.03800430026714502,13.69893802720758,553.1653106509991,0.6947477129720452,0.593093507969271,121.61614244889388,0.04440622401455164
