,t_Mean_MAE,t_Mean_MSE,t_Mean_R2,t_Std_MAE,t_Std_MSE,t_Std_R2,v_Mean_MAE,v_Mean_MSE,v_Mean_R2,v_Std_MAE,v_Std_MSE,v_Std_R2
81,0.2645642811980923,0.15285139774130788,0.9437855103602881,0.13469153032191894,0.11675102350641575,0.04116798656452013,0.776552405841468,1.1056517320968826,0.6195695133890877,0.05630420459964155,0.15453172767393258,0.04470776896877377
243,0.2893203433889201,0.15701794571273103,0.944006817802979,0.06960176270638445,0.07041153645171647,0.030404054919401204,0.6072872628978692,0.6940171300096812,0.7706713696703426,0.054143999108249796,0.11355562175234181,0.033662251574771755
729,0.29638883565280894,0.17203720078485368,0.9423946698759801,0.03534360646874779,0.03601118603084342,0.014839653353653812,0.47386082907285687,0.447341683910407,0.8576566890969799,0.022230900290355064,0.059898829936632446,0.018954458487235672
2187,0.3184696036199167,0.1965005833591016,0.9286909508973498,0.020406427980230284,0.04224341484023254,0.013588345513382711,0.40684214043309197,0.3487545713867507,0.8807694288914295,0.01822656956369783,0.02523164789028666,0.0072339423180759295
6561,0.2941060801086223,0.17002211537162698,0.9408764667470981,0.02592535885570145,0.03456921214193209,0.015291730834252828,0.33579462988428194,0.25619625117988004,0.910814525285027,0.020050757857236888,0.08114645535106568,0.02302170446068962
19046,0.255861403541506,0.12819394498762063,0.9572589806161703,0.017996488833478524,0.012839823239398564,0.005456369971352783,0.28469579233100645,0.19736452834098187,0.9349363362196499,0.013465719595965769,0.03560622739164224,0.01220841371093475
