,t_Mean_MAE,t_Mean_MSE,t_Mean_R2,t_Std_MAE,t_Std_MSE,t_Std_R2,v_Mean_MAE,v_Mean_MSE,v_Mean_R2,v_Std_MAE,v_Std_MSE,v_Std_R2
81,4.6969374618057005,108.27044566993736,0.20406105534279462,1.0430806676197844,65.85614627903891,0.10316906207345918,4.117311561287897,99.36205398365726,0.14117226229743396,0.6609064410768999,59.92248075739265,0.029309413272226144
243,3.6978402041500056,57.25226659911853,0.33361057489059487,0.4650318815118147,21.592515450285674,0.09638919132648595,3.934906586356065,87.79441071612364,0.2316733061625805,0.26341000608763515,32.41671725710556,0.07318184175377579
729,2.9921692944827063,39.83157766639938,0.6120841465514679,0.3045724960455209,14.795974345869865,0.04703840954770754,3.6299369393113836,55.24686946042907,0.44382530341685084,0.10841883726980261,8.462744120533424,0.054494511076521465
2187,3.024372069080173,41.44971748414915,0.5958271590982369,0.2776453856135141,17.171335709157983,0.038702878854299856,3.3955130678201213,80.86613745071742,0.4425751713854503,0.3276750889695738,40.55842959161629,0.11512216276161774
3356,2.989620400080954,39.02709717578088,0.6378100657351368,0.21055369434149404,11.235185054868694,0.04158363030966281,3.385955221186689,81.87934209763324,0.47821995597180794,0.22099935262183557,33.462414799428444,0.10410077868792852
