,t_Mean_MAE,t_Mean_MSE,t_Mean_R2,t_Std_MAE,t_Std_MSE,t_Std_R2,v_Mean_MAE,v_Mean_MSE,v_Mean_R2,v_Std_MAE,v_Std_MSE,v_Std_R2
81,55.60787182333102,9502.290109119678,0.7453137031761743,12.207675103777852,6587.923916610227,0.09043740389125507,81.1284090434598,16334.76325020158,0.5251450321604506,6.5510163145049365,3219.748392988359,0.07275044618133895
243,62.35844719424413,11351.409125326598,0.6966581792355644,2.134448558501892,1286.9964426037725,0.03305104473995228,72.7911156696624,14535.710852018336,0.6158206939696784,3.073463909013632,1764.8197161948692,0.020083765685996128
729,55.62244149661228,8053.644557605925,0.7614010846107809,7.114815422786397,2186.0684211673843,0.05763339928804986,65.52711554147527,13508.44095127433,0.6652478125162752,3.4457251218765985,4083.763015115553,0.03473105187301009
2187,51.63927284749623,7831.024241743973,0.7630479401311588,2.7193598878185488,1518.5435994294376,0.025313429072563363,56.225848839083255,9271.871744829807,0.7442107988400778,4.142855492161151,2569.056288020206,0.05789021366992887
3363,46.67328474459815,6641.287187326576,0.8341891671989463,5.925526452528428,2649.7261789102618,0.03029669033774897,50.81667298180368,8191.200481710919,0.7841176405208865,2.3649739959723033,2269.089368139879,0.03871725252325305
