,t_Mean_MAE,t_Mean_MSE,t_Mean_R2,t_Std_MAE,t_Std_MSE,t_Std_R2,v_Mean_MAE,v_Mean_MSE,v_Mean_R2,v_Std_MAE,v_Std_MSE,v_Std_R2
81,13.127541869278764,486.50876768710185,0.8999811858085927,4.98466030282876,332.5792822754736,0.06978312598488966,28.90452380611281,1666.923122587585,0.6332263068799653,1.7858684035161287,251.69040774890212,0.042820218626170255
243,12.8851960918628,417.2350269108585,0.9095376022972218,1.4493329763698664,126.17302858547832,0.03355758712950731,23.211679258829626,1201.9516860951537,0.7467006219766089,0.986100739138225,87.79864214594609,0.020392867153107726
729,12.958403077268624,399.58555782241365,0.9095681298219438,2.1054483139396183,120.03764747381656,0.026437548622659967,19.446800904260378,933.9854569238111,0.8132550269191079,1.387840573272933,162.0376446398436,0.029376012401206294
2187,14.100429774691559,512.4388971827433,0.8874450410974486,0.7225377408591622,63.595457819205585,0.015228280743078134,15.889806372070854,602.1359314147885,0.8678847960328225,0.6303249941773966,85.58343168586063,0.017234023340007384
3363,12.383250076701827,363.9064558847782,0.9162846637779124,0.9694081742243116,57.33736022027112,0.01484448385072444,14.75529318048233,560.9423641071946,0.8781512356672454,0.5564895322758873,81.03128655158983,0.009603587118350625
