,t_Mean_MAE,t_Mean_MSE,t_Mean_R2,t_Std_MAE,t_Std_MSE,t_Std_R2,v_Mean_MAE,v_Mean_MSE,v_Mean_R2,v_Std_MAE,v_Std_MSE,v_Std_R2
81,22.009838676705073,1077.7417639662922,0.7798593613900888,3.4134091597518785,315.89739647202043,0.06635546129860366,31.925449206315385,1913.1985035488797,0.5783968168933724,2.223574544345286,280.55245355245006,0.05280795207682106
243,20.279638905916585,883.1567794414207,0.8081111272755024,2.579062745134312,230.47078738918722,0.047455159285859014,26.078769059541948,1422.678080889937,0.7002321424909252,1.0327469953661113,113.01879853728207,0.02513608572764737
729,16.56776307203038,649.6160754305168,0.8612007752258106,2.2400319736660204,207.721342802464,0.04513874135138763,20.809450283050996,1004.1821990936782,0.799362741830674,1.1513338667641206,183.6388562598815,0.033166747537597165
2187,15.172620973541484,539.274340084863,0.8878144184268155,1.26607082429564,103.99678570578259,0.020827197500832433,17.27212948184158,697.060344393913,0.8474294570790691,0.6153789513008011,88.43145832023129,0.013983211812344703
3363,14.274289333269516,452.76941809993804,0.8940184374960589,1.7183219342465947,132.57521195123638,0.027118684915629562,16.289560208758893,689.225757833093,0.8499673546576663,0.9588321724065376,155.75311306982812,0.028791390524670727
