,t_Mean_MAE,t_Mean_MSE,t_Mean_R2,t_Std_MAE,t_Std_MSE,t_Std_R2,v_Mean_MAE,v_Mean_MSE,v_Mean_R2,v_Std_MAE,v_Std_MSE,v_Std_R2
81,0.1235557783670365,0.0368855953923952,0.9865801896898592,0.0683424223395954,0.036230900271660045,0.012329273332525946,0.7424567641097305,1.033573884201772,0.6446948490920655,0.05222637873764852,0.14406566195697768,0.0388895646100299
243,0.1459394205274382,0.04145644116716004,0.9854765510796785,0.0367481366624043,0.0217523835564033,0.007566322410921022,0.5652444312156878,0.626769884599791,0.7930337874969129,0.0487815046822845,0.11545422127695656,0.03364037466915214
729,0.24448302443217035,0.1134427394711723,0.9615696724759916,0.027525035273373938,0.024918981947086586,0.008778837169776168,0.44710456881161065,0.4133435220090035,0.8688950558072402,0.02690151672122558,0.05938064386154579,0.01593645184634271
2187,0.28138222097336396,0.1488414091606703,0.9498754637302167,0.017393760611493458,0.019522015565308193,0.006967151482908165,0.37839200635508863,0.3088887474365043,0.8943005922723601,0.01856029920915101,0.027418544553854274,0.00967006313470621
6561,0.2323361511125519,0.10801382992356048,0.9628578948398545,0.047078765418240784,0.045861625153058035,0.016477870670364273,0.303498548074415,0.22754249365942658,0.9205651450850209,0.02962235837420278,0.07151604319838714,0.02131333842319524
19046,0.212028843898484,0.09413600017814583,0.9683370444990975,0.027048814211077406,0.025832391384258687,0.009140715567618786,0.23686235261246869,0.1547938109382427,0.9489905588376425,0.02393041114681784,0.022885636157869198,0.007615648123562512
