,t_Mean_MAE,t_Mean_MSE,t_Mean_R2,t_Std_MAE,t_Std_MSE,t_Std_R2,v_Mean_MAE,v_Mean_MSE,v_Mean_R2,v_Std_MAE,v_Std_MSE,v_Std_R2
81,0.009797611237416145,0.0005863571175579063,0.9889389877478223,0.011372809060872643,0.0007185633038263092,0.014207309412406858,0.14384912704030656,0.03597414280552848,0.30691319384987925,0.005628095848082408,0.0042144712296074225,0.06366579631703485
243,0.018036284324388606,0.0007213160213062838,0.986591529034819,0.006496841256310255,0.00044679570079401824,0.008108811376910387,0.09538359068706179,0.017757670925625586,0.6651287354767336,0.003978109848578368,0.002259240864596281,0.036949676299288525
729,0.04574985694233638,0.003900964831600587,0.9298628599272014,0.003140157072926958,0.0007189380883359456,0.011775680642582085,0.07443743180596332,0.011188503759640206,0.7903576719266947,0.0026757205296390023,0.0009687811605075504,0.015105989393689734
2187,0.051941036434104415,0.00515456077648657,0.8977038887877269,0.007803126014143666,0.001241899849078569,0.02603833311619393,0.06629737124762661,0.008659937160748175,0.8254846375238649,0.006595991643207325,0.00136752346140437,0.024117460441331555
3355,0.051957882098435125,0.0049269802261824956,0.9048656762067566,0.008391422381765854,0.0013775996394338771,0.026364537205729847,0.06052072879099899,0.0070715882931786074,0.8661099539345877,0.006905262409857742,0.001573201046680407,0.02481422517021396
