,t_Mean_MAE,t_Mean_MSE,t_Mean_R2,t_Std_MAE,t_Std_MSE,t_Std_R2,v_Mean_MAE,v_Mean_MSE,v_Mean_R2,v_Std_MAE,v_Std_MSE,v_Std_R2
81,4.725737657459335,112.69740100161953,0.16282569440396047,1.0516219799325746,72.08538592244192,0.12279745849017518,4.056383983087143,101.71193509633694,0.11559701870523667,0.6589306653468352,60.801181653975696,0.059199933291983496
243,2.8975045383229046,33.27679862473107,0.6131426708920203,0.5800633717488448,15.436378230910924,0.14527632694581738,3.8568477487095185,78.4354619414286,0.3162969966297641,0.23199185494216246,30.829573028294224,0.08440244182056571
729,2.616611458180562,27.48259259256249,0.7071396681765942,0.30120843997420466,11.161414080235176,0.10518917040263169,3.4802242352576656,51.06673793471481,0.4879143678435959,0.19131507028201694,8.950225966767642,0.05067055198502481
2187,2.660781299164616,34.77244859711264,0.6653180011754566,0.2798365463784861,8.446019339827588,0.07819707710455978,3.1624897947176787,77.45450307940452,0.4626796568977059,0.2887776530587568,38.0364824851144,0.1016422335717618
3356,2.3139776121410174,39.037193066717684,0.7519431730702169,0.39141682627180807,32.51582488198092,0.12751917155703094,3.184963807309889,76.09293332008494,0.5030236062473824,0.1540439904716798,26.703410055533112,0.07629669735582953
