,t_Mean_MAE,t_Mean_MSE,t_Mean_R2,t_Std_MAE,t_Std_MSE,t_Std_R2,v_Mean_MAE,v_Mean_MSE,v_Mean_R2,v_Std_MAE,v_Std_MSE,v_Std_R2
81,44.91648961431572,7375.1600306715945,0.8108260453530788,12.976130521933568,6383.878091216799,0.09925401102326518,77.34901913390289,15211.018663236278,0.5579447363456529,5.1408859398999525,3138.712114245819,0.06975255349271917
243,51.454145586625756,8172.316937292562,0.7724302220530423,6.133948524141385,2305.369294443927,0.06820289132959549,70.37498023677486,13875.923489007899,0.633311108925076,1.7399632263129887,2184.8253879540603,0.038320052896861426
729,31.48521379035676,2630.801999538854,0.9185019343322118,4.240043280166069,976.5533446045848,0.03207405821319756,56.443867984415576,10126.67103903013,0.7462742493585658,3.1710460870288326,2849.547451686399,0.03996049000958998
2187,39.1195228857896,4045.243497178507,0.8934608577899287,1.9538870045282433,497.4543901278199,0.020807965021809142,49.2567698118217,6821.187872575356,0.8107886057685091,2.755288998182192,1612.804918236445,0.03982632152695875
3363,37.750849253391664,3912.4331485612297,0.8940109854683493,5.0718842614743735,1235.4588793041166,0.04197310258120394,45.65383093057499,6019.4299461433675,0.8392948495787342,2.248501157888359,951.3343475491249,0.016068534373651213
