,t_Mean_MAE,t_Mean_MSE,t_Mean_R2,t_Std_MAE,t_Std_MSE,t_Std_R2,v_Mean_MAE,v_Mean_MSE,v_Mean_R2,v_Std_MAE,v_Std_MSE,v_Std_R2
81,3.981232389769312,35.56382918889564,0.9928982094937272,1.5291608399025667,22.098062401163826,0.004414407542319069,30.14579252042563,1793.084229166414,0.6034158288010897,1.1621477307424029,93.46245562891096,0.02848192129830659
243,7.743949018705683,138.63621107835178,0.9696752146304917,3.2774944674444244,97.02973602134372,0.020368914017182115,23.66670579477115,1227.254260196743,0.7423172124019588,1.5160939271457838,179.08206416638734,0.03074358674714349
729,11.003392469650255,271.4340129558526,0.9395493080488609,2.1733536063509304,96.98351528336237,0.02321828848767064,18.873942539176696,904.3604546005909,0.8197033389484973,1.4272321284019758,200.08449014631842,0.03463715768788662
2187,11.19785363452581,292.27506100888985,0.9379468239663892,1.0241576710922393,97.15655713033848,0.01953181282974135,14.72078251019669,547.59866812148,0.8796045483015357,0.25883145531677715,43.602006109245536,0.008853737020342542
3363,10.94470276694491,318.2363137301743,0.9316410411177369,0.8689198785273397,53.72677719159273,0.0075617127848280966,13.857392042959612,506.5011829621947,0.8902440952472567,0.7568208020371782,108.28078539828675,0.017287694764625626
