,t_Mean_MAE,t_Mean_MSE,t_Mean_R2,t_Std_MAE,t_Std_MSE,t_Std_R2,v_Mean_MAE,v_Mean_MSE,v_Mean_R2,v_Std_MAE,v_Std_MSE,v_Std_R2
81,3.7347890088105986,80.96797582690508,0.4675499696579283,1.9011797014102654,67.74421327904662,0.31523523624129773,4.315702358041522,100.8862002313094,0.10071952823459018,0.5436350376441852,56.478486358101826,0.0893854973022058
243,3.2724721883827024,41.54845327240123,0.5122305027599785,0.40274844672966703,13.120890011867363,0.20726316169267578,3.9253060779496187,84.97647107752123,0.27277623751490065,0.1756447823575355,37.30245933841214,0.12387135445889237
729,2.6305529356103374,39.22634930442656,0.5955172316309427,1.0096011838281085,21.32233192941813,0.21399095317897895,3.666925066221893,60.76267996675415,0.38852788815596556,0.09521530751835162,8.759313376910793,0.04456284830724361
2187,2.2431682506532002,27.797548907649592,0.7322381838489889,0.7069801960300472,22.363322585085932,0.14168245817378128,3.218141986078212,78.66709219897541,0.4402843929557845,0.3187686110406147,35.57329388698843,0.07967340979408133
3356,1.8841191442749416,19.246759425627936,0.865887636993864,0.30624715754717324,17.786859006403148,0.1037576446815055,3.26373301500382,77.29084160444384,0.49966250267249046,0.19806956475261273,31.224846742513744,0.11175459413847912
