,t_Mean_MAE,t_Mean_MSE,t_Mean_R2,t_Std_MAE,t_Std_MSE,t_Std_R2,v_Mean_MAE,v_Mean_MSE,v_Mean_R2,v_Std_MAE,v_Std_MSE,v_Std_R2
81,0.16875417555759276,0.05205439593003911,0.054493487425704076,0.06626287414877927,0.0399918908417195,0.6447953389880823,0.3451189931465226,0.1857199179104237,-2.5839360849591086,0.035239379980926425,0.03204945449155348,0.6031448685323331
243,0.044194944176175574,0.003977389814873489,0.9246381747670698,0.021435716221833732,0.003275196220946491,0.06207474255241181,0.17762624260412951,0.05258914117165864,0.00603507022890668,0.005294968036804231,0.0028735004705716157,0.052143016493630644
729,0.05837292099514384,0.005717164838223486,0.8952445298370295,0.005252262754827006,0.0011244379947885138,0.017867224840040448,0.10463910783285324,0.020817885439587035,0.608847431663049,0.0033912493198768236,0.0016031064642080854,0.036950033705756044
2187,0.056921739181708855,0.005635301021895461,0.8925632562114828,0.013872160439815536,0.0030281066566901493,0.06217588993672861,0.07164539502587867,0.010111455523434985,0.796762841795857,0.010676174913547358,0.0026159341362501933,0.047728660792028886
3355,0.058566262698270574,0.005937320116113283,0.8769767162894814,0.015216922956787908,0.002826739964021983,0.058054746725481554,0.06961993236695593,0.009468232238271942,0.8238478462145082,0.013915529186642902,0.0037804779549134486,0.0611063690847093
