,t_Mean_MAE,t_Mean_MSE,t_Mean_R2,t_Std_MAE,t_Std_MSE,t_Std_R2,v_Mean_MAE,v_Mean_MSE,v_Mean_R2,v_Std_MAE,v_Std_MSE,v_Std_R2
81,4.05674242249264,77.23829728784501,0.5023339889355911,1.7315432956393646,64.10412668430381,0.25198771783791885,4.526179569640368,97.06201874878164,0.1318027883938272,0.653881872664866,52.75702023063291,0.11904505280324584
243,3.206347321158856,37.04933175153672,0.5561357532529498,0.32362550477216495,13.108863058856299,0.1277311264514383,3.934552987824508,81.48617123702641,0.2944293712404734,0.1279640002047728,32.689957664023716,0.0818548657489046
729,2.967761658079971,40.242490482606726,0.5661868440553551,0.2565445751237863,17.42429503704818,0.04516171822093906,3.684190070626183,57.95311054288753,0.42141529175136955,0.12865049950916685,11.618909985074051,0.05993423431236621
2187,3.0828661618526167,53.17924423782,0.5950450404369467,0.4119523228665374,21.903470296159796,0.1142732361735303,3.4516441794106676,84.5558859151187,0.4091274226756553,0.4080588255006635,40.93823787443096,0.11092737858191842
3356,2.806570503996135,52.892156664099865,0.5917267783732818,0.3110322534253432,12.997062751798067,0.06407712312681707,3.4598198521935735,81.60559578772013,0.48400106880258137,0.2829579221044018,33.42496443441431,0.10312084583017084
