,t_Mean_MAE,t_Mean_MSE,t_Mean_R2,t_Std_MAE,t_Std_MSE,t_Std_R2,v_Mean_MAE,v_Mean_MSE,v_Mean_R2,v_Std_MAE,v_Std_MSE,v_Std_R2
81,0.012280124538736323,0.0007888175320530206,0.9851985335675488,0.01709968097405769,0.0014362051803039086,0.02683242607528192,0.4888807237498298,0.38554160150115757,-6.411978265470462,0.043048665871809666,0.06473232199187302,1.0463612982734087
243,0.0049058767611911466,8.011225809024259e-05,0.9982846366700364,0.0035075793449891183,0.00010328074698240119,0.002389289524211144,0.21672480042716796,0.07887204865393782,-0.4886792927289327,0.012529488134806357,0.00834208411441688,0.1345525306605777
729,0.021480227164555506,0.0007916583390665555,0.9853165716711594,0.004052723750814797,0.0002746026649993771,0.005663236071391238,0.1160607027478175,0.025954227205857144,0.5128545507700222,0.0035212335741933035,0.001744375909693787,0.03556056234920476
2187,0.041417971465103544,0.0028950820020584704,0.9405156838386641,0.006710663971229144,0.0009097149276232004,0.019709263624366306,0.07180598499048949,0.009896669583452176,0.7997616401194065,0.0037641229190919757,0.0005089117623297564,0.015133972598504781
3355,0.03916431782014956,0.002706964696580283,0.9440009946434247,0.010495320492904877,0.001620263213797619,0.03224340147174033,0.05970296772571071,0.007605278199517488,0.8546251133660064,0.005597574170859035,0.001420450861386087,0.030830070170211055
