,t_Mean_MAE,t_Mean_MSE,t_Mean_R2,t_Std_MAE,t_Std_MSE,t_Std_R2,v_Mean_MAE,v_Mean_MSE,v_Mean_R2,v_Std_MAE,v_Std_MSE,v_Std_R2
81,7.357816730405899,166.77769478121596,0.9122172930678245,3.836785081258057,135.7766322637509,0.07090013915036356,22.351120138097084,1102.0479784362096,0.3380187071941192,0.8485489935772704,79.56444189351842,0.03505650497371493
243,10.809060125050628,315.36083127670935,0.8310166652692887,3.301181958745689,196.13916993699357,0.09719899924400537,18.4969737987657,847.2707778331703,0.542139819467363,1.0712475656297213,156.8821872090779,0.026330395517848527
729,9.45158862369187,234.97807118615782,0.8546049289222939,3.2946376411851097,116.12341995676688,0.06873336232484663,16.399860099773992,809.00533652164,0.6172822824625843,1.204641150844456,273.3015916006312,0.07889491971611007
2187,11.628506920433722,383.6380113239054,0.8024298093761875,1.9393793824841898,125.08391321220128,0.05937063986620174,14.135980894968231,521.9339690632768,0.7081603409426769,0.20073953768620761,98.76984562946497,0.05033684074721921
3363,8.81693178161981,192.49951859552021,0.8807503719115098,2.7489920214457615,92.28828632017364,0.05591574331093128,13.407281149740488,532.9065166041911,0.7109294270493524,0.861433386372335,170.12227983592032,0.05607097596572599
