,t_Mean_MAE,t_Mean_MSE,t_Mean_R2,t_Std_MAE,t_Std_MSE,t_Std_R2,v_Mean_MAE,v_Mean_MSE,v_Mean_R2,v_Std_MAE,v_Std_MSE,v_Std_R2
81,8.310986489749782,240.42545975568083,0.888757869898211,4.823756681749869,275.9921544790759,0.10537425742349957,23.445604358200605,1144.721678183549,0.31381206838876324,1.2363600585149535,115.89803655768435,0.04219337936064907
243,10.980985223249464,288.7337689586332,0.844614585761731,2.4326425978125688,150.86322747963337,0.07388496137325958,19.107404410611633,860.1102311144607,0.5356515054708397,1.0936899935490059,165.05453158212975,0.025933982745289998
729,11.20579911394449,284.9722938734145,0.8245108495656899,0.8460997119313077,39.348666508924225,0.03138141735046402,16.791352603053276,827.856700823089,0.6092072554426915,1.0447154408847446,285.21058673352763,0.07739712915024775
2187,11.29862162428455,300.2737326776403,0.8109700948261558,1.3651782518248023,85.01435974869464,0.04611605447221267,14.271412942324975,532.0609938731355,0.7030331304641961,0.17554117910975764,98.67398250762163,0.04749278114301259
3363,11.503577739370332,348.2756671454539,0.8068619393499368,0.7358585727211584,32.54376133299443,0.029013219011436116,13.786163324893938,583.3994518497695,0.6832403526009845,0.6347036051558664,180.62895772362864,0.05959368882175437
