,t_Mean_MAE,t_Mean_MSE,t_Mean_R2,t_Std_MAE,t_Std_MSE,t_Std_R2,v_Mean_MAE,v_Mean_MSE,v_Mean_R2,v_Std_MAE,v_Std_MSE,v_Std_R2
81,13.594819412137738,492.3805927334905,0.9862336280787145,5.212214735259432,344.9135118258852,0.005488561687525804,93.40949884099253,19923.90444255718,0.41473047782278744,5.551073939131567,3039.0677753264886,0.09146790975225852
243,38.162464495732095,3606.5188261747476,0.8995266164018147,4.376230445843245,1087.1513644632323,0.02962849362993735,74.10218795503829,14007.396606736957,0.6308341397137934,4.307416673661973,2451.8306381568646,0.04172720967197165
729,46.46785328387522,5828.3349441045875,0.8407007183615842,2.416052226731382,905.203165018449,0.02005512529926795,63.73468349179075,12985.251634821927,0.684348393046011,4.6420683667946205,4770.583777570012,0.05196629590534902
2187,43.930657076626375,5006.323404149518,0.8495404819814997,6.348786869950602,1971.172221581786,0.03968803083673909,55.217836290107776,8321.787234957239,0.771950847806819,2.274345805747679,2052.4685732169537,0.04274448583744442
3363,41.44426047300794,5208.52057021303,0.8623655767229303,4.020195132006611,2180.9019671832175,0.04816875464996291,52.06836336378019,8012.609985461083,0.7903019437087785,2.2368416444108306,2527.289950731388,0.040679997169752104
