,t_Mean_MAE,t_Mean_MSE,t_Mean_R2,t_Std_MAE,t_Std_MSE,t_Std_R2,v_Mean_MAE,v_Mean_MSE,v_Mean_R2,v_Std_MAE,v_Std_MSE,v_Std_R2
81,4.279115681807655,103.03713387401453,0.25195124936677404,1.3160173534505688,74.90171325188858,0.22809171764897163,4.012551088517027,97.17108511073373,0.15975324891382497,0.5164318591430969,54.29646920532748,0.149134780347457
243,2.3628532662030204,21.96400459920584,0.7645888613939439,0.38242191569308104,9.674765058982189,0.07499235244513197,3.684181212710416,72.9004381151799,0.37953364104356224,0.2798933952792519,31.45848098767571,0.11183038015191868
729,2.5413016377486386,27.82081849207434,0.6862296452754227,0.41774995529948244,10.173600871115896,0.13759397465016376,3.3346251056469876,52.40096294702437,0.46947510635590006,0.138259703319397,6.863643519797646,0.06580125874650768
2187,2.5294140650945325,38.940623562445,0.7213920443791363,0.5020618990790586,25.254393729307033,0.14353169195235232,3.1503919843466606,79.97279980869142,0.4305979502887462,0.2506772083968439,36.44387837533853,0.08444132951662874
3356,2.565417911816529,34.54768661055431,0.7047484827810002,0.2281169231188522,16.793362672750025,0.07224992973628784,3.2341656467547906,80.78315540670421,0.4602190154269531,0.19524747470254564,30.19174816900608,0.13113033116850498
