,t_Mean_MAE,t_Mean_MSE,t_Mean_R2,t_Std_MAE,t_Std_MSE,t_Std_R2,v_Mean_MAE,v_Mean_MSE,v_Mean_R2,v_Std_MAE,v_Std_MSE,v_Std_R2
81,0.4736474469488486,0.531119741422174,0.7816790308493564,0.09878116528417503,0.21526894835272084,0.08138280462674793,0.7395790831077746,1.2009958905656304,0.5772218885980738,0.05281750374146056,0.18061559392626775,0.03269428515335175
243,0.44752993319114703,0.4519884106567765,0.8194873445806499,0.026288834502142217,0.02956532513369865,0.007437439874174599,0.6801037648426765,1.0309849088318028,0.6536835347487049,0.025283828656665536,0.06474895969891024,0.027397045711427544
729,0.35384108601360803,0.3518525303704402,0.8780441056066653,0.07814310659317548,0.15379395211528013,0.04842230416621782,0.5676821426095742,0.8248874886532814,0.7060925242266539,0.038740893303456696,0.10866469158170493,0.027057850706710247
2187,0.28240487858539753,0.21745345376268635,0.9270739476465539,0.05655485428976312,0.08326994751760733,0.026928640651144104,0.5318677446635118,0.7831186048912541,0.7311524556611688,0.013093233623115312,0.059499441726103726,0.02088399013349834
6561,0.3783673780174826,0.37871903695285025,0.8655276112121839,0.03823525158332891,0.07079067576522084,0.02112428248247195,0.4623274310836701,0.5930098335753399,0.7909576729934209,0.016762514063623536,0.04418154799737627,0.013976960497888024
19039,0.40536912535995473,0.44780931482208813,0.8486980471663836,0.027918242785726514,0.05385929369289722,0.019340953254039114,0.42366878602246516,0.4870907149308869,0.820386057490053,0.030072129095679096,0.07326912161270067,0.03940574618589067
