,t_Mean_MAE,t_Mean_MSE,t_Mean_R2,t_Std_MAE,t_Std_MSE,t_Std_R2,v_Mean_MAE,v_Mean_MSE,v_Mean_R2,v_Std_MAE,v_Std_MSE,v_Std_R2
81,11.451813662685865,468.11069967460435,0.7626484996397727,3.676188709343909,290.9653924766816,0.11585309408485643,19.81095716219199,845.0692093060052,0.49234751566785706,1.8118831120915906,139.12350585991078,0.08123984528308617
243,12.528980878315522,405.71335903704596,0.7856011694881155,1.9196547566941051,146.09330836296542,0.07513465562142957,17.790547232812155,781.6237134243956,0.5757779973508906,0.6087463337215645,137.44260611257363,0.030584187968631094
729,11.495577582440308,339.28112420951766,0.8139978518049766,0.4666952845263202,44.258755904639614,0.01744416105872136,15.415110479687149,730.7501434917054,0.6522334161546601,0.7470048685754531,228.32067725921323,0.07331174796866505
2187,10.970877829718356,340.695730002624,0.8057708384415735,0.9447651370043418,105.53779982292538,0.04928699629500992,13.150211782897093,451.2875746823207,0.747387342032815,0.34736811349547714,79.79288641002775,0.03951163583850221
3363,10.99988217546,335.8911748433138,0.8025410412060973,1.1452842171227486,109.65063885587583,0.046026769413064904,12.95275843599974,547.7902343329159,0.7052170908282147,0.7076025791783335,187.03918295782805,0.055233814959168716
