,t_Mean_MAE,t_Mean_MSE,t_Mean_R2,t_Std_MAE,t_Std_MSE,t_Std_R2,v_Mean_MAE,v_Mean_MSE,v_Mean_R2,v_Std_MAE,v_Std_MSE,v_Std_R2
81,19.886246342919616,977.6138631417319,0.8065208316921405,6.850049450249398,560.4446153823485,0.1065172138832931,27.567142400561618,1496.2260089550534,0.6695767477529453,1.5005085509274194,275.8531581724278,0.06321673030971019
243,16.92258599950544,635.493799096987,0.8639726024921348,2.4379898888000637,202.82437575992978,0.041498140987620336,23.211128358863668,1138.7934090420526,0.7616231558961107,0.8924068439650471,155.75265174742302,0.01983653378580307
729,13.844130340735967,457.4018640300028,0.8999415761342305,1.6515525138592702,118.83339031397611,0.024952011587055317,18.066466546950885,774.681353301187,0.8448707899942102,0.793521176093949,100.15673665536626,0.018748593466374176
2187,13.399056083839337,439.82790436553717,0.9056167031251519,1.3098262577691318,91.996740999748,0.012602692193227752,14.866031705593993,564.9560948822991,0.8757706844080904,0.4786282927362611,35.174329168440906,0.004672107226464376
3363,12.305942886798174,372.33072371829564,0.9176964275201579,0.5934223007301893,34.59985587396233,0.006418522602949233,13.697539238079633,516.7292088226429,0.8883996156508204,1.2246290861986624,126.01123169395044,0.019452755674342875
