,t_Mean_MAE,t_Mean_MSE,t_Mean_R2,t_Std_MAE,t_Std_MSE,t_Std_R2,v_Mean_MAE,v_Mean_MSE,v_Mean_R2,v_Std_MAE,v_Std_MSE,v_Std_R2
81,41.188967440004696,5432.998974702915,0.8562510463362143,10.706446393441285,4390.354064994663,0.06871843492455207,77.89123081201355,15183.619390293112,0.5574963271116153,8.148158318822668,3689.1863333935144,0.09499634521327091
243,39.93991064805833,5240.335498484803,0.8643817721761238,13.514477850054753,3509.7643461496714,0.08536420900238872,66.8484502214798,12665.362193563415,0.6658104451226461,2.3316932022748973,2758.8461528940925,0.05500511645534797
729,39.87507788367102,4389.937631936858,0.8668857458136147,8.11286059620569,2072.0365607871768,0.06030031134798033,56.62504649667328,11528.151870865215,0.7235108724224553,5.553669499937972,4888.061008827432,0.06310689084387865
2187,39.88143404175089,4484.895178814813,0.8702878602898865,1.8422677806576429,937.5207506159531,0.022712469440062756,48.11243568822199,7274.716674889278,0.8016441346823033,2.1667642789465504,1828.2485249124625,0.03228430899362475
3363,37.40604812583411,3946.396001281799,0.8912376333201083,4.159658082640427,1250.6315752691758,0.03196684743063351,44.70327643058673,6540.572935304231,0.8280993814925754,2.2911690170138725,1629.3768289480633,0.02095614559462869
