,t_Mean_MAE,t_Mean_MSE,t_Mean_R2,t_Std_MAE,t_Std_MSE,t_Std_R2,v_Mean_MAE,v_Mean_MSE,v_Mean_R2,v_Std_MAE,v_Std_MSE,v_Std_R2
81,0.031248759566659866,0.0022614020912158266,0.9585957471614757,0.01618552773185676,0.0020250995840523384,0.03406708013291802,0.2638734441047827,0.12365554742850407,-1.3767194142558765,0.012253748538685461,0.01576175437016341,0.29966888437205946
243,0.03141972932692885,0.0018966241942371628,0.9634732915221214,0.00423211037974003,0.0004920454976562621,0.008169185777660107,0.12387410158002146,0.0286596535215203,0.46131701412581094,0.006324407052260878,0.0033208303612874933,0.04409083253847594
729,0.04271830715284923,0.003557453871208211,0.9335040503201686,0.0018790972871044623,0.0001723526210126019,0.005225883162361365,0.08001632789344955,0.01282534196378595,0.7594845148077483,0.0030373135537918915,0.001098189006834999,0.024637475602144014
2187,0.0479236327419503,0.004626615820315047,0.9181123746184202,0.008374593958597803,0.0016036224815356866,0.02597469035366077,0.060198074593333116,0.007832114538810647,0.8413293627732454,0.005647983689005228,0.0011146887613838273,0.029512995407461346
3355,0.043501186199377685,0.0038203442715128654,0.9224479513088688,0.007846171507472063,0.0011641529814314187,0.026586541785131867,0.05197805226087173,0.0057609292034631054,0.8928767672463037,0.0067824152244898815,0.0015745221607300441,0.022272611241279282
