,t_Mean_MAE,t_Mean_MSE,t_Mean_R2,t_Std_MAE,t_Std_MSE,t_Std_R2,v_Mean_MAE,v_Mean_MSE,v_Mean_R2,v_Std_MAE,v_Std_MSE,v_Std_R2
81,12.120605286592454,407.18512871541117,0.9186763014249516,3.77944535836619,206.42625939594578,0.040540739735480974,25.42466762224669,1317.2899921473902,0.7087542306573121,2.3319982496136693,303.40760219699456,0.06790328449408177
243,10.41480119095561,293.7884840854741,0.9366628101349465,2.097274436024734,160.8160773457722,0.031549719513664524,20.63120253741819,954.9455394735556,0.7988066701722741,0.3149295876588675,66.04378127018812,0.013175551618676902
729,12.441748018009125,397.4653069287649,0.9141172648286888,2.452250846850686,119.22684409474932,0.02726918522121129,17.153130505884594,729.5026457116786,0.853896460818637,1.371463635935795,139.6287527402939,0.028262597123210477
2187,12.693404183692437,444.65100399463626,0.9038095192329157,1.172243199254576,78.6178791507061,0.015817482482655958,14.009201625603804,509.4731095740461,0.8874234654159965,0.311684658814168,61.968321342150944,0.015228997295066979
3363,10.59993555046006,287.7895325407757,0.941290362675635,1.4999932139181453,98.97342936556315,0.020571077454133405,13.190671698076164,471.89590696390786,0.8968578862647559,0.671986459798513,80.0960928980253,0.011252639310958873
