,t_Mean_MAE,t_Mean_MSE,t_Mean_R2,t_Std_MAE,t_Std_MSE,t_Std_R2,v_Mean_MAE,v_Mean_MSE,v_Mean_R2,v_Std_MAE,v_Std_MSE,v_Std_R2
81,53.8079629838309,8654.010444324345,0.762140227569261,14.75743343543285,6600.687448989037,0.10817394147044684,84.8316801138006,17184.985808848218,0.5016340368329822,9.796372450337854,4374.452192481441,0.10405806270930976
243,59.821539331754295,10579.507056735625,0.7199202941078713,5.185898859945459,1892.8858785618388,0.05239947578728396,73.89000693175943,15241.094475011001,0.6014738476125626,3.0086099520840524,3986.1746863331045,0.06885185042879517
729,55.63074496908173,7734.852858005002,0.7713374602441364,2.477189905566437,1249.4041792213084,0.016025209008803245,63.880825072299885,13689.125090186393,0.6695906605725913,4.908344370096109,5550.524165143504,0.06680616337643208
2187,48.837349957788085,6795.271874595148,0.8138214495924994,3.9036408624537096,2004.0692224392612,0.02850563145095426,54.770392476794584,9538.033711310014,0.7447495211015398,4.583089417394094,2866.8159683991457,0.04978264500928711
3363,46.622905258237154,6718.849562835824,0.8295020178332253,0.9554771474525378,1368.9637503995127,0.02276650636427954,50.37917397042375,8734.048339876806,0.7744537832292078,2.895026822031152,3220.350407783447,0.05219763333886157
