,t_Mean_MAE,t_Mean_MSE,t_Mean_R2,t_Std_MAE,t_Std_MSE,t_Std_R2,v_Mean_MAE,v_Mean_MSE,v_Mean_R2,v_Std_MAE,v_Std_MSE,v_Std_R2
81,0.2932172741402798,0.16391684710812499,0.9347454062794303,0.07598549368429351,0.08077613560375965,0.02942540416852636,0.769601637755337,1.0301708586401235,0.6337839052155432,0.05104438595762911,0.140518165539699,0.0426449510779602
243,0.32016292823301223,0.21165508403149227,0.9250212038605963,0.06262978717850906,0.08990209249537603,0.0316826605998968,0.5870367314819542,0.6862609911256695,0.7715909644105637,0.047386887525192295,0.12806868628098098,0.03640880624520467
729,0.34093476196716477,0.26559947786728305,0.9091852344041023,0.08433468413596282,0.12067727836757784,0.040928288318232066,0.48303828173097313,0.5053642979969736,0.8362502934977363,0.027343113639950414,0.06448260140567305,0.024400556645942335
2187,0.3195032054131719,0.217460044626724,0.9214971051713045,0.020471592825443228,0.043911247342113394,0.015792838551753417,0.3904491102554416,0.3531215878084345,0.8782800967967772,0.01730015353106769,0.04641243257218991,0.012581105479621156
6561,0.29260050808332505,0.1946625260278803,0.9310312964781156,0.02382005359448282,0.03198454476764447,0.010221897851400012,0.3240197921883604,0.26841059109653476,0.9054481426837979,0.017250050771124993,0.06425105007864283,0.016039420957014328
19046,0.2611022751374718,0.14333115805244015,0.9489435596759295,0.007656824215990936,0.016919584140492574,0.007681861281730472,0.26665344370852784,0.17681259311004446,0.940552871079382,0.009839374019820695,0.041941673512872694,0.014601919863658499
