,t_Mean_MAE,t_Mean_MSE,t_Mean_R2,t_Std_MAE,t_Std_MSE,t_Std_R2,v_Mean_MAE,v_Mean_MSE,v_Mean_R2,v_Std_MAE,v_Std_MSE,v_Std_R2
81,25.474913427389176,3706.584567318007,0.9190347934211094,14.42936741145441,5676.042775615713,0.09833173378150133,106.0123220083608,25898.780310809212,0.2396737091102202,10.050167698893487,4985.34435408265,0.15340034266430433
243,45.031312218405255,7161.683578374819,0.8152372399760562,8.688697014070925,2711.5515529080485,0.06757591052985758,77.45720155290878,16130.423044012603,0.5732304563466092,1.102221980655093,1967.3121741712878,0.02862604215190395
729,46.269004753645,6283.70215119816,0.83387867691628,5.16216780015616,1617.8225538742554,0.03500104369102675,64.66829330057892,12704.793099501725,0.6865933316556415,3.008433290921896,3949.7891836929803,0.03238829320118344
2187,39.720414987997955,4465.797652065075,0.8669324684293068,3.536879180852935,1308.4600293222766,0.02936983437960818,55.0464863304323,8707.85967974661,0.7599503997721555,3.1476484080872518,1850.6120878157196,0.04159960943204235
3363,38.06289257787538,4845.192727407752,0.8666911341506116,5.520638386659919,1717.783762409871,0.05184699216764383,52.78300982518293,8389.966796853749,0.7741330163867262,2.2423862781985577,1959.8986406269823,0.053354918020650635
