,t_Mean_MAE,t_Mean_MSE,t_Mean_R2,t_Std_MAE,t_Std_MSE,t_Std_R2,v_Mean_MAE,v_Mean_MSE,v_Mean_R2,v_Std_MAE,v_Std_MSE,v_Std_R2
81,10.490966659158714,448.62308400166046,0.784022413745895,4.5008806254416385,436.82897882396395,0.16283455509693662,25.462324302809996,1417.6521618454913,0.14342508965236242,1.583354380461952,169.27278301448277,0.14098167066752573
243,13.056104944284433,438.51404381874517,0.7540489685399757,0.8106257150379892,78.88700944537221,0.047905947746784,19.439774632079384,925.8594365369887,0.496754405708639,0.9354493876149281,132.0109389031497,0.026818005839613638
729,13.357836281786472,455.8753543187445,0.7391122985532009,0.9821759731365205,62.6920830364902,0.04015350749884381,17.282932432868574,855.6727932217151,0.5923430034833309,0.8703839668888972,247.55312979704274,0.05819232929972584
2187,12.447095434378188,390.76346530440344,0.7739793752364343,0.8676956348867475,74.30433985056418,0.02277192020207273,14.821826716308488,580.8815268779668,0.6757072156945911,0.32766315859871203,85.85843530817633,0.03905280614728364
3363,11.458220461343355,384.21007265352773,0.7979603966199986,2.014680780179182,133.68709653061725,0.0502164952534482,14.639278117849708,602.8218530976692,0.666269705985818,0.6478417787572947,107.53194461029632,0.04172314567351281
