,t_Mean_MAE,t_Mean_MSE,t_Mean_R2,t_Std_MAE,t_Std_MSE,t_Std_R2,v_Mean_MAE,v_Mean_MSE,v_Mean_R2,v_Std_MAE,v_Std_MSE,v_Std_R2
81,3.8430534245333794,89.28582983047616,0.39238796269416226,1.4993013552993506,69.0113424356367,0.2038474088118451,4.378562925095669,104.29554396821402,0.11175342423868906,0.7646264854732128,63.677978201655925,0.08717674650488134
243,2.972890437241065,42.364115171016905,0.5351015499657997,0.35070889063742655,16.438093089708524,0.08969406862362786,3.7885696448095665,82.40427178639311,0.2999544835038355,0.2672657096430592,35.66504281992538,0.11598443928678552
729,3.3917159473996614,55.79819647382177,0.4238699652969099,0.28418434917265634,13.534973345339058,0.04762856324840493,3.7324269105042234,64.59554317787942,0.3551686345568478,0.11963030079112134,14.274381214161222,0.08025475729487298
2187,2.218249036537674,18.3908651845047,0.7738651346742477,0.15055054388437805,1.902789933903861,0.05152141577230955,3.36579694438309,82.02852029689446,0.422759004219346,0.3341614940193557,38.48387964820025,0.08925985071293621
3356,2.554190833040753,39.93247857105328,0.673100555014358,0.17688087289765117,21.568174785000238,0.09290104515755164,3.2821287981579284,78.25346036660385,0.5062904753950397,0.2116688141937053,40.226884439655684,0.1721112767679089
