,t_Mean_MAE,t_Mean_MSE,t_Mean_R2,t_Std_MAE,t_Std_MSE,t_Std_R2,v_Mean_MAE,v_Mean_MSE,v_Mean_R2,v_Std_MAE,v_Std_MSE,v_Std_R2
81,0.004995249337030772,9.410285286709021e-05,0.9981620143777826,0.0030197211817671213,7.423498796303734e-05,0.0013220033777049996,0.355909176174082,0.20940317805656283,-3.0410874283434697,0.01851640341638613,0.01772248085086881,0.2972866439269255
243,0.010598340578502268,0.00028763109888377785,0.9947815656415158,0.006330988348883827,0.0003099412919908409,0.005392705231271861,0.14758783293516206,0.04157479889768427,0.2120806651352055,0.007842393994848425,0.006329602225072004,0.13079650692550776
729,0.031893057335633114,0.0018119954855365418,0.966936448352509,0.00128145427018705,0.00013994200148941224,0.0032466107984822287,0.07784082923634035,0.012421131644039542,0.7670108044430545,0.003707446786149136,0.0012833661559273051,0.02372403923296729
2187,0.0453862836130062,0.0038928390511533107,0.9227659777356099,0.008069123178549215,0.001249734200033772,0.024775216767292465,0.06148196509921906,0.007850144911691625,0.8414110627455298,0.003267707716841767,0.0007887856918914526,0.01612608677484979
3355,0.051943914873762334,0.004965503508016944,0.8995618163592376,0.005895597768611852,0.0010748998039986093,0.01986531860673042,0.05881104225654769,0.007008534842543783,0.8664724270321027,0.002183816176364906,0.0004159679892033635,0.006786138453826152
