,t_Mean_MAE,t_Mean_MSE,t_Mean_R2,t_Std_MAE,t_Std_MSE,t_Std_R2,v_Mean_MAE,v_Mean_MSE,v_Mean_R2,v_Std_MAE,v_Std_MSE,v_Std_R2
81,24.12325116240229,3313.1728801607496,0.921458863201656,15.042302281737813,4983.951114691273,0.10006121130861205,107.18121884728498,25818.950247703575,0.24173725232714874,9.849956782678337,4800.571417664435,0.1481585434843917
243,50.70414901769741,7935.233634589633,0.7895499967172634,2.306812573577346,1668.3597710126828,0.03179193164490016,79.65230678446973,16352.355801124339,0.5674746243242417,1.957648642520744,1718.2217925397129,0.012404301352678341
729,54.30000799321143,8016.386939381016,0.7700395111847034,3.851180694439271,1500.3270633354296,0.02875043095273379,66.61288062834316,13637.505146648013,0.6645077680471203,4.10817191750229,4371.672911519322,0.03525111988461394
2187,49.70774144409117,8242.417202051127,0.8127238023560034,6.164854308040029,2791.123886513603,0.04861609353866955,56.354522395631406,8885.291073306034,0.7547048452077048,2.597186224437507,1446.3001030952428,0.02932084822633706
3363,44.60971385900392,5356.762829018024,0.844731778862289,5.416270333977376,1409.844092894893,0.042848808825682864,54.108901795656195,8539.27298895195,0.7697064976509291,4.436030334626898,1813.5141778687714,0.05068563481682514
