,t_Mean_MAE,t_Mean_MSE,t_Mean_R2,t_Std_MAE,t_Std_MSE,t_Std_R2,v_Mean_MAE,v_Mean_MSE,v_Mean_R2,v_Std_MAE,v_Std_MSE,v_Std_R2
81,4.331966386590392,65.96699117433066,0.9870008587779168,2.052778958193845,57.76380278987269,0.011409452823798686,35.64932623045903,2597.1783762973187,0.42687905495081846,0.9097083296376053,218.82787414289044,0.03999264610842797
243,8.930238960784076,202.79536309308236,0.9553364344471141,1.6331766058233665,83.93334349002194,0.020041340117570947,25.141504470890492,1461.759555039891,0.6917323490287808,1.6413314514022352,220.3766064947092,0.04984710996033392
729,9.22393415324106,246.19946495510263,0.9468614335033753,2.1056753931402046,105.16378084657174,0.021652387817436423,19.79695118907,906.7919824149254,0.8185854704689964,0.8052845782009456,126.12594149592705,0.022703470765856184
2187,9.745882863622743,244.50688969623303,0.946880682797944,0.7885887908252089,56.50846987925424,0.014485708778186534,15.564916146655724,623.4424741622963,0.862866538043583,0.45267844156070836,131.4258971338009,0.02970301392282457
3363,9.703233918036906,264.0928599961779,0.938799099710611,0.9092391859391096,60.71259445415179,0.015196779299117053,14.260204012748375,546.1396319294266,0.8805033170429798,0.8281664017905308,163.18571411015273,0.03640755081889464
