,t_Mean_MAE,t_Mean_MSE,t_Mean_R2,t_Std_MAE,t_Std_MSE,t_Std_R2,v_Mean_MAE,v_Mean_MSE,v_Mean_R2,v_Std_MAE,v_Std_MSE,v_Std_R2
81,0.2687628242564453,0.22567883528163332,0.9046938761542969,0.12386286157866244,0.14191756546172515,0.05804671961922704,1.0397494867225312,1.9921779921754073,0.29381662695056904,0.027879752774615244,0.12472558954341181,0.028169660605247147
243,0.24749110951721534,0.16154020957384305,0.9335407699560683,0.0996412516821246,0.09628537710138212,0.041373865784052916,0.8565630025977187,1.493437798856655,0.49888382946543236,0.05298125963415939,0.17223479959945603,0.04401803008269068
729,0.3754124499069822,0.3513536777277899,0.875676052117357,0.0322199859994554,0.08179946784776379,0.02960438757413213,0.6276830792112442,0.9103758751296539,0.6735533320699216,0.02194872355904471,0.06995973614827448,0.03268214105003525
2187,0.35357461221772896,0.30920812322040625,0.8957536196497324,0.07365412380768922,0.13767671763363512,0.041377926485054346,0.5540824282905807,0.767691241864523,0.7360694427985358,0.015286164603326184,0.04250946195700219,0.01982220751281111
6561,0.3900215515532633,0.3748481344787903,0.8640645606405128,0.04133345561038326,0.08328523598857006,0.032665539561118104,0.48042680565511126,0.5848165409896989,0.7937302414294518,0.025665791786827298,0.07124307117123223,0.026170037325765682
19039,0.35252991558995406,0.3492073834820846,0.8798683004496957,0.0035313457204019095,0.008117062940929847,0.005181955226872525,0.4121479735110672,0.4720740948890498,0.8271763745922993,0.01986487573095595,0.042251204326319576,0.016648463580626684
