,t_Mean_MAE,t_Mean_MSE,t_Mean_R2,t_Std_MAE,t_Std_MSE,t_Std_R2,v_Mean_MAE,v_Mean_MSE,v_Mean_R2,v_Std_MAE,v_Std_MSE,v_Std_R2
81,7.089893463926851,167.52819543647323,0.9676108934382937,3.1576748619451576,169.01693646841207,0.030085038824433506,36.19682253373954,2633.2341739160415,0.4185028006347471,0.7380052034404682,170.00818268480705,0.034537965306149644
243,12.814101555685141,356.5558568705039,0.9228592352325183,0.6825253031940847,71.02059074982542,0.015109768214285644,25.677182114470135,1491.1187907913688,0.6852154775059496,1.232668409750579,178.62128108823885,0.043757785826135355
729,15.452133963918039,551.434666940914,0.8822505020287279,1.3123178023080704,77.41465957141048,0.01403868247562677,20.750818680432822,1021.9659695986314,0.7955151608575936,0.798082737740472,147.7937651407901,0.027233768851381013
2187,12.00801235974941,372.0572247476093,0.9189120321054121,0.5101573911510608,50.418370244717565,0.009694493874649948,15.603769485042168,621.9009002008322,0.8632908076962552,0.6148417328692918,92.76778821542241,0.02025949071596709
3363,11.321340784862983,367.02800152452295,0.9186187562558491,1.2143866838745465,109.83382269877313,0.02770008189781451,14.42880787939041,544.6760590138517,0.8805487249963029,0.42287288953743385,117.74507267672134,0.027260789389288057
