,t_Mean_MAE,t_Mean_MSE,t_Mean_R2,t_Std_MAE,t_Std_MSE,t_Std_R2,v_Mean_MAE,v_Mean_MSE,v_Mean_R2,v_Std_MAE,v_Std_MSE,v_Std_R2
81,0.08446764888752809,0.03506966089485594,0.9866693477143524,0.08317835202450881,0.05619169134637933,0.02046192466478295,1.0110494655454647,1.9534942152351114,0.3069156921812666,0.028706412522182496,0.12850837201736254,0.043470300658374386
243,0.12099728653779426,0.03645869347643636,0.9848511878575167,0.032777324024243625,0.018618391238445647,0.008229849613223851,0.8339041929776805,1.4518955684524155,0.5130974159318198,0.06119557203366303,0.18297641762687145,0.04667138580988442
729,0.13220550444296325,0.04618763354852097,0.9832416272278207,0.043939539407596005,0.030631839714021437,0.010195450358743799,0.6170457969907511,0.9315681652365567,0.6669677332981483,0.03201767940588546,0.09242931005609131,0.028644106837217867
2187,0.16057272656616423,0.06430477363911635,0.9782864639046382,0.040158097781825414,0.03136873273911576,0.010920806056221807,0.5309993961090725,0.789891676286171,0.7281708005446875,0.023323423668924186,0.09633183654031491,0.03847059241982047
6561,0.29075979740774666,0.21696793535607722,0.9250070235212547,0.03363751539977698,0.05430890027747599,0.019830676016523385,0.4688394414050741,0.5938094347795804,0.7904177301526617,0.014795426939653258,0.07152433039254388,0.02767763639763786
19039,0.3257927333949432,0.2770918008068649,0.9070404524413835,0.041752409785487714,0.07069630252382743,0.015136226932441803,0.4104588467819214,0.4817207659036358,0.8253222565057344,0.016139283463063554,0.08479611255656183,0.018965520294881567
