,t_Mean_MAE,t_Mean_MSE,t_Mean_R2,t_Std_MAE,t_Std_MSE,t_Std_R2,v_Mean_MAE,v_Mean_MSE,v_Mean_R2,v_Std_MAE,v_Std_MSE,v_Std_R2
81,0.4354720751358707,0.4883303452232293,0.7929453844687323,0.15087475900274194,0.2841851490172039,0.12810985804000274,0.8382709395479285,1.5915393928121868,0.4389128025178074,0.024408936365208765,0.19859673355650248,0.08094880418241118
243,0.4435656542486899,0.4429513247760358,0.8263981537321141,0.060700741051791546,0.10732093966704748,0.03494430744720913,0.7972580747233532,1.3240223753074685,0.5555740894548268,0.023737180669832738,0.07615014177048782,0.010840989313856646
729,0.33957141374018124,0.28180880572145767,0.8981075358993049,0.11020047455139884,0.13583203502140537,0.04822096372278048,0.6441581507316236,0.9759382508009724,0.6531999154581483,0.03917094963172506,0.12277553362115826,0.03664667685642403
2187,0.3643227965131707,0.3104045841424582,0.8831322250528233,0.03317000601381454,0.06385060989283553,0.022520223571406733,0.5802169009552364,0.8368197635838831,0.7139895450893942,0.02282403688259304,0.07844850608538087,0.03831316459076285
6561,0.3577981219026684,0.3210810061989978,0.8894480278542387,0.043015662694887255,0.07339835891464158,0.022819680006078574,0.5127652608655406,0.6951390737521976,0.7552943428965937,0.03386747430559691,0.10597636509943324,0.03934584741327662
19039,0.3547544497783983,0.335567096635063,0.8851892453646485,0.021781759808154347,0.036153182366153995,0.013222114518575728,0.43111696772389874,0.5297384293239596,0.809736602141369,0.027635883327585625,0.09761696657809905,0.028797123725475902
