,t_Mean_MAE,t_Mean_MSE,t_Mean_R2,t_Std_MAE,t_Std_MSE,t_Std_R2,v_Mean_MAE,v_Mean_MSE,v_Mean_R2,v_Std_MAE,v_Std_MSE,v_Std_R2
81,6.7108828731181065,195.32736414665766,0.9127573310573979,2.8834652124733506,270.05702582819913,0.10377795337999819,24.94459765156555,1279.3956658527597,0.23199962763081672,1.8586391614413804,169.49621933445152,0.05700331917549225
243,10.312882613819905,290.1271721888096,0.8560800316463671,2.811338270578178,200.30816837782936,0.08386590872255817,20.307856520412876,980.4661420161883,0.4681155834622377,1.167482424742209,167.64223287522395,0.026979074963689224
729,13.813784954884477,424.18243420554444,0.7649847928072366,0.8093951914314333,75.12381616633004,0.030398403669697246,18.26958433328651,930.7666062914523,0.5567844705972128,0.5520453570897117,273.1522302915461,0.06502784598089155
2187,14.39569228055116,514.4942824492771,0.7349324282710749,0.17369942154168244,98.62645677350866,0.018688609304309923,15.925017532710674,629.8906452248382,0.6497884745862629,0.7848148072529832,91.8782652504327,0.032757952341010435
3363,12.917435669191843,404.0589192644451,0.7714687281600239,1.4906393342906294,113.18018061870646,0.04675320102516071,15.428762619972678,635.8496158840401,0.6520154083771612,0.7596852482782983,158.06387603125265,0.03967581269859316
