,t_Mean_MAE,t_Mean_MSE,t_Mean_R2,t_Std_MAE,t_Std_MSE,t_Std_R2,v_Mean_MAE,v_Mean_MSE,v_Mean_R2,v_Std_MAE,v_Std_MSE,v_Std_R2
81,0.333325239039113,0.1681962126385577,-2.4572338505058817,0.06585496179110742,0.07069858404663969,1.7929583626088519,0.31526231190258047,0.15521699184263052,-2.004361478347269,0.022900711515509167,0.02551369949657557,0.4758377203582982
243,0.0767176983484235,0.009940841968888569,0.8014310387332934,0.018466938427656624,0.004314829365764424,0.10312247240416111,0.17881011814752462,0.05319159994307467,-0.00760859472913269,0.007555421415063922,0.004345621200358382,0.10192902441520187
729,0.06765288726664578,0.007405464236771608,0.8603110501927661,0.009564591462672115,0.0024790813927585247,0.04746224650806718,0.10962117627385257,0.02089118699392508,0.6089052447953437,0.008781920582720608,0.0024314077203552668,0.0530675712131407
2187,0.05266429504389568,0.005207415611929585,0.897751955297708,0.01985796499323909,0.0034599037433508174,0.06787925612003065,0.07307217989489494,0.01060990126518603,0.7855463660275276,0.017099135068593195,0.004184087489324969,0.08894558998647889
3355,0.047834500622598905,0.0043131054325069,0.9190914917358614,0.019408528270964905,0.0028236508771208027,0.049147022686639105,0.06514304297102955,0.008668591593071387,0.8399347518180578,0.01767755194015107,0.0038503454504242416,0.06222871587481467
