,t_Mean_MAE,t_Mean_MSE,t_Mean_R2,t_Std_MAE,t_Std_MSE,t_Std_R2,v_Mean_MAE,v_Mean_MSE,v_Mean_R2,v_Std_MAE,v_Std_MSE,v_Std_R2
81,2.329163600192773,41.52937314065097,0.9923324130596672,2.6401768212183954,57.882102652312355,0.010379300492441991,37.217402260532246,2698.7722929287415,0.40290432490722783,1.5202557760846556,181.3654318825215,0.04203088413447905
243,7.912352557631925,195.06114759186812,0.9597075226169878,4.16163335745023,177.77104489566153,0.03805924169760349,28.49740370577165,1735.4589699946519,0.6346023539153287,1.2537858904373353,134.56037403784464,0.016732776543098783
729,6.62711831806632,98.55885007201626,0.9787986780992132,1.6467305638578993,42.830961011113665,0.009533894848898121,23.075517831662342,1179.6303896400545,0.764024656695846,0.9956367972098793,140.76103573637354,0.028734629607680834
2187,7.32219079633951,133.3893623311953,0.9723947815360559,1.7521763912969217,71.89518217878647,0.015159356933219549,16.75908940893994,652.7881225944957,0.8565458295056623,0.5175797017657677,44.02916293498813,0.003764417009197458
3363,9.668863754881567,211.3258372941858,0.953067760641901,1.3653337363654532,63.68986902343138,0.01717936665157234,15.44304540554523,566.199418124715,0.8763867750231743,0.9512575064120229,74.6071366178602,0.008774964471055404
