,t_Mean_MAE,t_Mean_MSE,t_Mean_R2,t_Std_MAE,t_Std_MSE,t_Std_R2,v_Mean_MAE,v_Mean_MSE,v_Mean_R2,v_Std_MAE,v_Std_MSE,v_Std_R2
81,0.24303369302262995,0.10957125812804133,0.9526519166049221,0.11336667327925605,0.09198370094558236,0.039320096399903366,0.9534861057713424,1.6459980532234422,0.4054250922643998,0.02331435910337556,0.09898251087230943,0.027903426514004258
243,0.08005561714255152,0.013549059425823667,0.9947542039803363,0.040621869456084536,0.010848368603522153,0.004729620751136475,0.6679355660988917,0.9221037635529375,0.6916250558801406,0.029762521736993543,0.179604782798622,0.0557852428294317
729,0.1213512411312588,0.027381502834914733,0.9906421266939784,0.022218977415132693,0.013675068037802498,0.0041540220334515595,0.4446649379052528,0.38447821675171695,0.874990795894455,0.019173938751678925,0.04320714173604999,0.011615702204176799
2187,0.1464643220545171,0.040315454987322336,0.9858510588365288,0.05226829253594815,0.026711166895340435,0.009324138843695777,0.32689814537634254,0.21907243957922726,0.9235752435833415,0.01883164407513121,0.02179328944558219,0.006017280607674306
6561,0.1468011946706389,0.04629395613423465,0.9836861767891112,0.03598311366407528,0.03167889779954513,0.011938125867506423,0.2531291613636429,0.16711409465658394,0.9416575873818871,0.027676821659336236,0.08320280503051448,0.02495242253631761
19046,0.121867438160113,0.04471790704632641,0.9846417108038341,0.024394724905706357,0.03209007010871624,0.010461422287093375,0.18125673451174218,0.10658645744313204,0.9634550165975684,0.009085941987645653,0.040790046550606904,0.013820331998175688
