,t_Mean_MAE,t_Mean_MSE,t_Mean_R2,t_Std_MAE,t_Std_MSE,t_Std_R2,v_Mean_MAE,v_Mean_MSE,v_Mean_R2,v_Std_MAE,v_Std_MSE,v_Std_R2
81,3.7731206913961395,68.5215216307569,0.5636380873432405,1.8879676219639467,60.43581701171878,0.2770462142262898,4.536970816188218,100.96145016045128,0.1123560532105177,0.7251844134863679,60.3770296190535,0.0989036444413627
243,2.8727398655814005,32.72333087054467,0.593000080820594,0.4924703819537886,16.239479116087075,0.19688238422479173,4.140035550303157,87.55701892673572,0.23613612924931018,0.18226027179331195,35.01754528723782,0.10033225459517152
729,3.1092679816763713,47.10824564347883,0.5690612485599547,0.29681139446728877,23.59412939745688,0.10710109383878468,3.8623753717201055,58.797272951260595,0.4081008128798838,0.10095220772958259,9.442951979652069,0.07628164972545302
2187,3.2726299460846846,51.50709516785842,0.5039885969652361,0.35993820594702214,15.199382577596783,0.0860324437914204,3.7300427339406275,90.30613560227512,0.3771860634640911,0.322875035668951,45.08743181813152,0.1194831475939361
3356,2.7516287271501976,47.43752953541216,0.6470725663025043,0.5703612383135456,38.133642401719555,0.15254257098500223,3.7267138668449724,82.86767512667069,0.4690120334636158,0.26194512755488647,31.09286262471157,0.0852737960884806
