,t_Mean_MAE,t_Mean_MSE,t_Mean_R2,t_Std_MAE,t_Std_MSE,t_Std_R2,v_Mean_MAE,v_Mean_MSE,v_Mean_R2,v_Std_MAE,v_Std_MSE,v_Std_R2
81,7.898965205016049,282.8400286447871,0.8679574488620849,4.830251849754163,326.76051449942986,0.12817969760666914,24.604933655387804,1264.1680292018602,0.24175886879778333,1.533553551001033,141.53255606071906,0.0657231848969213
243,9.361908775930502,229.26409273890536,0.8714083164879904,3.12741100080819,149.68562206029878,0.08055602986256515,20.09559537356241,965.7243721775243,0.4773704091553559,1.3551852758739407,162.18637047924446,0.033880145603894005
729,13.912807624841516,464.93493682135005,0.7442128323781673,1.9101837547670533,156.94614624436022,0.07153850119141598,18.28589621613107,952.6176630940154,0.549035966394068,0.665389366957834,283.00780531394815,0.06438686742675223
2187,11.503035762314251,403.8368982456398,0.7906812929522739,3.9169275432713953,245.9697439547284,0.11844805693942437,15.755919656466551,618.2285653288366,0.655383375285741,0.46805075778204,90.11102496444533,0.038720657097966495
3363,9.005817666026768,215.83920202364212,0.880215309556157,2.0253948423510164,130.40843231588894,0.059507342054163505,15.081888704241399,596.9357678830672,0.6693071835744953,0.8251792429401086,122.53410963731328,0.042755453333424696
