,t_Mean_MAE,t_Mean_MSE,t_Mean_R2,t_Std_MAE,t_Std_MSE,t_Std_R2,v_Mean_MAE,v_Mean_MSE,v_Mean_R2,v_Std_MAE,v_Std_MSE,v_Std_R2
81,29.681037454756755,4170.7092030574695,0.8908484573165036,10.999824413613378,4004.5910614215954,0.07352575577961953,106.6831245524016,23987.45615040113,0.2956065588673907,5.819548052669322,3925.7541879697787,0.09838853089802985
243,43.73597815240265,5022.758062495757,0.8597350626648671,8.60317571912617,2261.2296204380527,0.060380305075820595,80.16149562364957,15994.362048834719,0.5783389977992265,3.1713596012972034,2473.121855566609,0.01938285530519897
729,52.739866782347065,7321.698546441461,0.8025995154704437,3.793842219456046,1925.3002039797352,0.03564232290389392,70.28419395762816,14985.479087092259,0.633206454865088,5.016755798434439,5394.759620582718,0.05218950112840304
2187,51.554914764990976,6745.807532517912,0.8185018711053301,4.19963758751781,1238.2961067209287,0.023939367917319456,61.30853372415993,9811.526436057882,0.7328737175560704,2.3995387254057605,1958.8560424905404,0.028304434895577654
3363,53.37714349308161,8121.49948882387,0.7976615739864686,5.696951910217216,2283.008279555176,0.04335142925547277,59.87408043070279,9981.635248311999,0.7363236943910071,1.272676911552412,2257.8827248384864,0.03266493596675873
