,t_Mean_MAE,t_Mean_MSE,t_Mean_R2,t_Std_MAE,t_Std_MSE,t_Std_R2,v_Mean_MAE,v_Mean_MSE,v_Mean_R2,v_Std_MAE,v_Std_MSE,v_Std_R2
81,7.029913033209148,142.9551280212324,0.9710658667168348,2.642286727107657,86.61975976406353,0.01819854763483654,38.11588656042068,2749.711310107279,0.3910595761002294,1.6821662268226534,179.02194929052882,0.03547395863407176
243,11.115575384446412,246.4677464335301,0.9456871437975343,1.6986197472222426,86.3648339428663,0.020715706178965305,29.666649051697807,1781.949140629686,0.6257809018158452,1.3646981052531313,113.28341317188601,0.02112679830079971
729,13.459467883732097,394.8690176607712,0.9137958539308937,4.264453437298982,209.74462580027475,0.04404159155136262,23.611601860099267,1245.3146318661998,0.7508153529033791,0.8641467147853512,152.8020549227093,0.031913052167792805
2187,10.364602755765329,246.32828003333003,0.9465422946663884,1.9127617571062343,87.08054306720902,0.0150288463403074,16.911322187633967,653.284908980195,0.8564502895798313,0.4467848680661202,38.47840769256607,0.0033346667297705335
3363,10.673958213587209,280.4168471048728,0.9405887793374637,1.3591730026080264,66.22086156437959,0.017546864170279845,15.547006843676709,565.026023542623,0.8767821930841876,0.9163958044680206,81.28550621270244,0.01000264060089913
